name	type	units	low_cutoff	high_cutoff	reference	sampling_frequency	notch	status	status_description	source_label	number_on_amplifier	n_epochs_rejected	rejected_epochs
Ps1-Ps2	SEEG	µV	n/a	n/a	bipolar	512.0	50 Hz and harmonics	good	n/a	(Ps1-Ps2)	1.0	48	1,2,5,6,8,9,12,17,21,24,26,32,33,34,37,39,44,45,55,64,66,68,77,88,93,94,98,99,102,103,110,112,113,114,121,129,130,134,136,139,142,149,151,152,155,163,164,168
Ps2-Ps3	SEEG	µV	n/a	n/a	bipolar	512.0	50 Hz and harmonics	good	n/a	(Ps2-Ps3)	2.0	46	1,2,5,6,8,9,12,14,21,24,26,27,33,34,37,39,44,45,55,64,66,88,94,98,99,102,103,110,112,113,114,121,129,130,131,134,139,142,149,152,154,155,160,163,164,168
Ps3-Ps4	SEEG	µV	n/a	n/a	bipolar	512.0	50 Hz and harmonics	good	n/a	(Ps3-Ps4)	3.0	46	1,2,3,5,6,7,8,9,12,14,21,24,26,27,33,34,37,39,44,55,64,66,85,88,94,98,99,102,110,112,113,121,129,130,131,134,139,142,149,152,154,155,160,163,164,168
Ps4-Ps5	SEEG	µV	n/a	n/a	bipolar	512.0	50 Hz and harmonics	good	n/a	(Ps4-Ps5)	4.0	46	2,3,5,6,7,8,9,12,14,21,24,26,27,29,33,34,39,44,55,64,66,85,88,94,98,99,102,110,112,113,121,128,129,131,134,139,142,145,149,152,154,155,160,163,164,168
Ps5-Ps6	SEEG	µV	n/a	n/a	bipolar	512.0	50 Hz and harmonics	good	n/a	(Ps5-Ps6)	5.0	46	2,3,5,6,7,8,9,12,21,24,26,27,29,34,39,44,45,55,64,66,71,72,85,88,90,98,102,110,112,113,121,128,129,131,134,139,142,145,149,152,154,155,160,163,164,168
Ps6-Ps7	SEEG	µV	n/a	n/a	bipolar	512.0	50 Hz and harmonics	good	n/a	(Ps6-Ps7)	6.0	40	2,3,5,6,8,9,12,21,24,26,29,30,44,45,55,64,66,71,72,85,88,90,98,102,106,110,112,113,121,128,131,134,142,145,149,152,160,163,164,168
Ps7-Ps8	SEEG	µV	n/a	n/a	bipolar	512.0	50 Hz and harmonics	good	n/a	(Ps7-Ps8)	7.0	35	2,3,5,8,9,12,21,24,27,30,44,45,60,64,66,71,76,85,88,90,98,102,106,110,112,121,134,142,145,149,152,160,163,164,168
Ps8-Ps9	SEEG	µV	n/a	n/a	bipolar	512.0	50 Hz and harmonics	good	n/a	(Ps8-Ps9)	8.0	37	2,3,5,6,7,8,12,24,27,30,44,60,61,64,66,70,71,76,77,81,85,88,89,90,102,104,105,112,121,134,142,149,150,152,158,163,168
Ps9-Ps10	SEEG	µV	n/a	n/a	bipolar	512.0	50 Hz and harmonics	good	n/a	(Ps9-Ps10)	9.0	66	2,3,5,6,7,8,12,21,23,25,30,32,41,44,47,58,60,61,62,63,64,70,71,76,77,78,79,81,84,88,89,90,91,93,102,104,105,106,108,110,114,120,121,125,126,127,131,134,135,136,139,140,141,142,144,146,149,150,151,152,156,157,158,159,163,168
Ps10-Ps11	SEEG	µV	n/a	n/a	bipolar	512.0	50 Hz and harmonics	good	n/a	(Ps10-Ps11)	10.0	70	2,3,7,8,9,12,21,23,25,32,33,41,45,47,48,51,52,54,58,60,62,63,64,67,70,72,78,79,84,85,88,89,91,92,93,97,104,105,106,108,110,114,119,120,121,123,125,126,127,131,134,135,136,139,140,141,144,146,149,150,151,154,156,157,158,159,160,163,164,167
Ps11-Ps12	SEEG	µV	n/a	n/a	bipolar	512.0	50 Hz and harmonics	good	n/a	(Ps11-Ps12)	11.0	75	2,3,5,7,9,12,21,22,23,25,29,32,33,41,45,47,48,51,52,54,57,58,60,62,63,64,67,70,72,78,79,85,88,89,91,92,93,97,100,101,104,105,106,108,110,112,114,119,120,121,122,123,126,127,131,134,135,136,139,140,141,144,146,148,149,150,152,154,156,157,158,159,160,164,167
Ps12-Ps13	SEEG	µV	n/a	n/a	bipolar	512.0	50 Hz and harmonics	good	n/a	(Ps12-Ps13)	12.0	28	5,7,12,20,22,29,32,40,52,57,60,63,78,92,94,100,101,104,108,112,122,141,144,148,152,154,156,167
As1-As2	SEEG	µV	n/a	n/a	bipolar	512.0	50 Hz and harmonics	good	n/a	(As1-As2)	14.0	72	1,2,3,5,6,8,9,11,12,14,17,19,20,21,24,25,26,27,32,33,34,36,37,39,40,41,45,54,55,62,64,66,67,68,69,72,73,77,78,85,87,88,90,93,94,98,99,102,110,113,119,121,124,129,130,134,136,139,142,149,152,154,155,156,157,160,161,163,164,167,168,170
As2-As3	SEEG	µV	n/a	n/a	bipolar	512.0	50 Hz and harmonics	good	n/a	(As2-As3)	15.0	64	1,2,3,5,6,7,8,9,11,12,17,20,21,24,25,26,27,32,33,34,36,37,39,40,44,45,54,55,64,66,68,72,73,77,78,85,87,88,90,93,94,98,99,102,110,113,119,121,129,130,134,136,139,142,149,152,154,155,157,160,163,164,168,170
As3-As4	SEEG	µV	n/a	n/a	bipolar	512.0	50 Hz and harmonics	good	n/a	(As3-As4)	16.0	64	1,2,3,5,6,7,8,9,11,12,17,21,24,25,26,27,32,33,34,36,37,39,40,44,45,54,55,64,66,68,72,73,77,80,85,87,88,90,93,94,98,99,102,110,119,121,129,130,132,134,136,139,142,149,152,154,155,157,159,160,163,164,168,170
As4-As5	SEEG	µV	n/a	n/a	bipolar	512.0	50 Hz and harmonics	good	n/a	(As4-As5)	17.0	64	1,2,3,5,6,7,8,9,11,12,17,21,24,25,26,27,33,34,36,37,39,40,44,45,54,55,64,66,68,72,73,77,80,85,87,88,90,93,94,98,99,102,103,110,119,121,129,130,132,134,136,139,142,149,152,154,155,157,159,160,163,164,168,170
As5-As6	SEEG	µV	n/a	n/a	bipolar	512.0	50 Hz and harmonics	good	n/a	(As5-As6)	18.0	66	1,2,3,5,6,7,8,9,11,12,17,21,24,25,26,27,33,34,36,37,39,40,44,45,55,62,64,66,68,72,73,77,80,85,87,88,90,93,94,98,99,102,103,110,121,129,130,132,134,136,139,142,149,151,152,154,155,157,159,160,161,163,164,165,168,170
As6-As7	SEEG	µV	n/a	n/a	bipolar	512.0	50 Hz and harmonics	good	n/a	(As6-As7)	19.0	66	1,2,3,5,6,7,8,9,11,12,17,21,24,25,26,27,33,34,36,37,39,40,44,45,55,62,64,66,68,72,73,77,80,85,87,88,90,93,94,98,99,102,103,110,121,129,130,132,134,136,139,142,149,151,152,154,155,157,159,160,161,163,164,165,168,170
As7-As8	SEEG	µV	n/a	n/a	bipolar	512.0	50 Hz and harmonics	good	n/a	(As7-As8)	20.0	54	2,3,5,6,7,8,9,11,12,17,21,24,25,26,27,33,34,36,37,39,40,44,45,55,64,66,72,73,80,85,88,93,94,98,99,102,103,110,121,129,130,134,139,142,149,152,154,155,157,160,163,164,165,168
As8-As9	SEEG	µV	n/a	n/a	bipolar	512.0	50 Hz and harmonics	good	n/a	(As8-As9)	21.0	37	2,3,5,6,8,9,12,24,26,34,40,44,45,55,64,66,80,85,88,93,94,102,103,110,121,139,142,149,152,154,155,157,160,163,164,165,168
As9-As10	SEEG	µV	n/a	n/a	bipolar	512.0	50 Hz and harmonics	good	n/a	(As9-As10)	22.0	24	2,3,5,6,8,12,44,64,66,80,85,88,93,94,102,103,121,139,142,149,152,157,163,168
As10-As11	SEEG	µV	n/a	n/a	bipolar	512.0	50 Hz and harmonics	good	n/a	(As10-As11)	23.0	17	5,8,12,44,64,80,85,88,93,94,102,121,139,149,152,157,168
As11-As12	SEEG	µV	n/a	n/a	bipolar	512.0	50 Hz and harmonics	good	n/a	(As11-As12)	24.0	12	8,12,44,60,88,93,94,102,121,139,152,157
As12-As13	SEEG	µV	n/a	n/a	bipolar	512.0	50 Hz and harmonics	good	n/a	(As12-As13)	25.0	5	12,44,60,93,139
As13-As14	SEEG	µV	n/a	n/a	bipolar	512.0	50 Hz and harmonics	good	n/a	(As13-As14)	26.0	2	44,139
As14-As15	SEEG	µV	n/a	n/a	bipolar	512.0	50 Hz and harmonics	good	n/a	(As14-As15)	27.0	2	12,40
Ts1-Ts2	SEEG	µV	n/a	n/a	bipolar	512.0	50 Hz and harmonics	good	n/a	(Ts1-Ts2)	29.0	4	44,63,66,93
Ts2-Ts3	SEEG	µV	n/a	n/a	bipolar	512.0	50 Hz and harmonics	good	n/a	(Ts2-Ts3)	30.0	20	3,5,12,14,21,44,56,63,65,66,78,93,99,107,113,123,134,155,161,166
Ts3-Ts4	SEEG	µV	n/a	n/a	bipolar	512.0	50 Hz and harmonics	good	n/a	(Ts3-Ts4)	31.0	21	1,3,5,12,14,21,44,56,61,63,65,66,78,99,107,113,123,134,155,161,166
Ts4-Ts5	SEEG	µV	n/a	n/a	bipolar	512.0	50 Hz and harmonics	good	n/a	(Ts4-Ts5)	32.0	11	1,6,11,14,21,61,63,66,99,134,155
Ts5-Ts6	SEEG	µV	n/a	n/a	bipolar	512.0	50 Hz and harmonics	good	n/a	(Ts5-Ts6)	33.0	21	6,11,14,15,22,33,35,36,52,61,66,93,97,99,102,109,110,113,117,126,153
Ts6-Ts7	SEEG	µV	n/a	n/a	bipolar	512.0	50 Hz and harmonics	good	n/a	(Ts6-Ts7)	34.0	40	6,7,12,14,15,22,25,33,35,36,52,60,61,64,66,68,74,77,80,93,97,98,99,102,104,109,110,113,117,118,120,126,127,138,143,146,150,153,162,168
Ts7-Ts8	SEEG	µV	n/a	n/a	bipolar	512.0	50 Hz and harmonics	good	n/a	(Ts7-Ts8)	35.0	39	6,7,12,14,15,20,22,25,35,36,52,60,61,64,68,74,77,80,93,97,98,99,102,104,109,110,113,117,118,120,126,127,138,143,146,150,153,162,168
Ts8-Ts9	SEEG	µV	n/a	n/a	bipolar	512.0	50 Hz and harmonics	good	n/a	(Ts8-Ts9)	36.0	52	3,6,7,10,14,15,17,20,21,22,25,26,32,35,44,53,61,64,68,79,80,83,84,86,87,91,92,93,94,95,96,97,98,99,100,102,104,105,110,113,114,117,118,130,137,146,150,151,152,157,165,168
Ws1-Ws2	SEEG	µV	n/a	n/a	bipolar	512.0	50 Hz and harmonics	good	n/a	(Ws1-Ws2)	38.0	162	1,2,3,4,5,6,7,8,9,10,12,13,14,15,16,17,18,19,20,21,22,23,25,26,28,29,30,31,32,33,34,35,36,37,38,39,40,41,42,43,44,45,46,47,48,49,50,51,52,53,54,55,56,57,58,59,60,61,62,63,64,65,66,67,68,69,70,71,72,73,74,75,76,77,78,79,80,81,83,84,85,86,87,88,89,90,91,92,93,94,95,96,97,98,99,100,101,102,104,105,106,107,108,109,110,111,112,113,114,115,116,117,118,119,120,121,122,123,124,125,126,127,128,129,130,131,132,133,134,135,136,137,138,139,141,142,143,145,146,147,148,149,150,151,152,153,155,156,157,158,159,160,161,162,163,164,165,166,167,168,169,170
Ws2-Ws3	SEEG	µV	n/a	n/a	bipolar	512.0	50 Hz and harmonics	good	n/a	(Ws2-Ws3)	39.0	154	1,3,4,5,6,7,8,9,10,12,13,14,15,16,17,18,20,21,22,23,25,26,28,29,30,31,33,34,35,36,37,38,39,40,41,42,43,44,45,46,47,48,49,50,51,52,53,54,55,56,57,58,59,60,61,62,63,64,65,66,67,68,69,70,72,73,74,75,76,77,78,79,80,81,83,84,85,86,87,88,89,90,91,92,93,94,95,96,97,98,99,100,101,104,105,106,108,109,110,111,112,113,114,115,116,117,118,119,120,122,123,124,125,126,127,128,129,130,131,132,133,134,135,136,137,138,139,141,142,143,145,146,147,148,150,151,152,153,155,156,157,158,159,160,161,162,163,164,165,166,167,168,169,170
Ws3-Ws4	SEEG	µV	n/a	n/a	bipolar	512.0	50 Hz and harmonics	good	n/a	(Ws3-Ws4)	40.0	79	2,3,4,5,10,12,16,19,21,22,23,25,26,30,32,35,38,39,42,43,44,46,48,52,60,61,62,65,67,70,72,73,75,76,77,79,80,81,85,88,90,91,93,94,97,98,99,100,104,108,111,112,113,114,120,122,124,125,126,128,129,131,136,137,140,141,143,144,146,149,151,152,157,158,160,163,165,166,170
Ws4-Ws5	SEEG	µV	n/a	n/a	bipolar	512.0	50 Hz and harmonics	good	n/a	(Ws4-Ws5)	41.0	55	2,3,4,19,21,22,26,28,30,32,35,38,42,43,44,59,61,68,72,75,77,80,81,82,85,90,94,95,98,105,108,112,113,114,117,118,122,124,128,129,131,136,137,140,144,146,149,151,152,157,160,163,165,166,170
Ws5-Ws6	SEEG	µV	n/a	n/a	bipolar	512.0	50 Hz and harmonics	good	n/a	(Ws5-Ws6)	42.0	34	2,21,22,28,32,38,42,43,44,59,61,62,68,72,80,81,82,90,94,95,105,113,117,118,121,124,129,136,146,152,157,160,166,170
Ws6-Ws7	SEEG	µV	n/a	n/a	bipolar	512.0	50 Hz and harmonics	good	n/a	(Ws6-Ws7)	43.0	20	2,22,28,59,62,68,72,80,81,90,94,105,121,124,129,136,149,152,160,170
Ws7-Ws8	SEEG	µV	n/a	n/a	bipolar	512.0	50 Hz and harmonics	good	n/a	(Ws7-Ws8)	44.0	10	30,59,62,68,81,105,129,149,152,160
Ws8-Ws9	SEEG	µV	n/a	n/a	bipolar	512.0	50 Hz and harmonics	good	n/a	(Ws8-Ws9)	45.0	12	6,11,30,60,62,65,73,78,79,81,129,162
Ws9-Ws10	SEEG	µV	n/a	n/a	bipolar	512.0	50 Hz and harmonics	good	n/a	(Ws9-Ws10)	46.0	14	6,11,30,53,60,62,65,73,78,79,81,101,129,162
Ws10-Ws11	SEEG	µV	n/a	n/a	bipolar	512.0	50 Hz and harmonics	good	n/a	(Ws10-Ws11)	47.0	12	6,11,28,30,53,62,65,78,96,101,129,162
Ds1-Ds2	SEEG	µV	n/a	n/a	bipolar	512.0	50 Hz and harmonics	good	n/a	(Ds1-Ds2)	49.0	61	1,2,3,5,6,8,9,12,17,20,24,25,26,27,33,34,36,37,39,40,44,45,54,55,64,66,68,72,73,77,83,85,87,88,89,93,94,98,99,102,105,110,119,121,129,130,134,136,139,141,142,149,152,154,155,157,160,162,163,164,168
Ds2-Ds3	SEEG	µV	n/a	n/a	bipolar	512.0	50 Hz and harmonics	good	n/a	(Ds2-Ds3)	50.0	56	1,2,3,5,6,8,9,12,17,20,24,25,26,27,33,34,36,37,39,40,44,45,55,64,66,68,72,73,77,85,87,88,89,93,94,98,99,102,110,119,121,129,130,134,136,139,142,149,152,154,155,157,160,163,164,168
Ds3-Ds4	SEEG	µV	n/a	n/a	bipolar	512.0	50 Hz and harmonics	good	n/a	(Ds3-Ds4)	51.0	56	1,2,3,5,6,8,9,12,17,24,25,26,27,33,34,36,39,40,44,45,54,55,64,66,68,72,73,77,85,88,89,93,94,98,99,102,110,114,119,121,129,130,134,136,139,142,149,152,154,155,157,159,160,163,164,168
Ds4-Ds5	SEEG	µV	n/a	n/a	bipolar	512.0	50 Hz and harmonics	good	n/a	(Ds4-Ds5)	52.0	61	1,2,3,5,6,7,8,9,12,17,24,25,26,27,33,34,36,37,39,40,44,45,54,55,64,66,68,72,73,77,80,85,88,89,93,94,98,99,102,103,110,114,119,121,129,130,134,136,139,142,149,152,154,155,157,159,160,161,163,164,168
Ds5-Ds6	SEEG	µV	n/a	n/a	bipolar	512.0	50 Hz and harmonics	good	n/a	(Ds5-Ds6)	53.0	67	1,2,3,5,6,7,8,9,12,17,24,25,26,27,33,34,36,37,39,40,44,45,54,55,58,64,66,68,72,73,77,80,85,88,89,93,94,98,99,102,103,110,114,119,121,126,129,130,134,136,138,139,142,147,149,152,154,155,157,159,160,161,162,163,164,166,168
Ds6-Ds7	SEEG	µV	n/a	n/a	bipolar	512.0	50 Hz and harmonics	good	n/a	(Ds6-Ds7)	54.0	62	1,2,3,5,6,8,9,12,17,24,26,33,34,36,39,40,45,46,54,55,58,64,66,73,77,78,80,85,87,88,89,93,94,99,102,103,111,114,119,121,126,128,129,134,136,138,139,142,147,149,151,152,154,155,156,159,160,162,163,164,166,168
Ds7-Ds8	SEEG	µV	n/a	n/a	bipolar	512.0	50 Hz and harmonics	good	n/a	(Ds7-Ds8)	55.0	42	2,5,6,8,9,12,17,22,27,46,53,55,62,64,66,73,78,80,83,87,90,93,94,99,102,111,114,126,128,138,139,142,147,149,151,152,154,156,160,163,164,168
Ds8-Ds9	SEEG	µV	n/a	n/a	bipolar	512.0	50 Hz and harmonics	good	n/a	(Ds8-Ds9)	56.0	43	2,5,6,8,9,12,13,17,22,26,27,33,43,53,55,62,64,73,74,78,80,83,90,96,99,100,102,108,114,121,126,128,131,138,139,142,144,147,149,151,163,164,168
Ds9-Ds10	SEEG	µV	n/a	n/a	bipolar	512.0	50 Hz and harmonics	good	n/a	(Ds9-Ds10)	57.0	46	5,8,12,13,17,19,22,26,27,33,35,37,43,46,55,62,64,74,77,78,80,83,90,96,99,100,102,103,108,111,114,117,121,126,128,131,138,139,143,144,147,149,151,159,163,168
Ds10-Ds11	SEEG	µV	n/a	n/a	bipolar	512.0	50 Hz and harmonics	good	n/a	(Ds10-Ds11)	58.0	59	8,12,17,19,22,27,34,35,37,44,46,48,54,55,60,62,64,67,68,74,77,78,83,90,96,97,99,101,102,103,108,109,111,114,115,117,119,121,124,125,126,131,138,139,142,143,147,149,151,152,153,154,155,157,159,163,166,168,170
Ds11-Ds12	SEEG	µV	n/a	n/a	bipolar	512.0	50 Hz and harmonics	good	n/a	(Ds11-Ds12)	59.0	56	12,17,19,22,27,34,35,37,40,44,46,48,54,55,60,62,64,67,68,74,77,80,90,96,97,99,101,102,108,109,111,114,115,117,119,120,121,124,125,126,138,139,142,143,147,149,151,152,153,154,155,157,163,166,168,170
Ds12-Ds13	SEEG	µV	n/a	n/a	bipolar	512.0	50 Hz and harmonics	good	n/a	(Ds12-Ds13)	60.0	32	12,17,26,27,34,35,40,44,55,62,74,80,94,97,102,103,105,108,117,119,120,128,138,139,143,151,152,155,157,163,166,168
Cs1-Cs2	SEEG	µV	n/a	n/a	bipolar	512.0	50 Hz and harmonics	good	n/a	(Cs1-Cs2)	62.0	61	1,2,3,5,6,8,9,12,17,20,24,25,26,27,33,34,36,39,40,45,54,55,64,66,67,68,72,73,77,82,83,85,87,88,89,93,98,99,102,110,113,119,121,130,132,134,136,139,141,142,149,152,154,155,157,159,160,163,164,168,170
Cs2-Cs3	SEEG	µV	n/a	n/a	bipolar	512.0	50 Hz and harmonics	good	n/a	(Cs2-Cs3)	63.0	61	1,2,3,5,6,8,9,12,17,20,24,25,26,27,33,34,36,39,40,45,54,55,64,66,67,68,72,73,77,79,80,82,83,85,87,88,89,93,99,102,110,119,121,129,130,132,134,136,139,142,149,152,154,155,157,159,160,163,164,168,170
Cs3-Cs4	SEEG	µV	n/a	n/a	bipolar	512.0	50 Hz and harmonics	good	n/a	(Cs3-Cs4)	64.0	63	1,2,3,5,6,8,9,12,17,20,24,25,26,27,33,34,36,39,40,45,54,55,64,66,67,68,72,73,77,79,80,82,83,85,87,88,89,93,96,99,102,110,119,121,122,129,130,132,134,136,139,142,149,152,154,155,157,159,160,163,164,168,170
Cs4-Cs5	SEEG	µV	n/a	n/a	bipolar	512.0	50 Hz and harmonics	good	n/a	(Cs4-Cs5)	65.0	65	1,2,3,5,6,8,9,12,14,17,20,24,25,26,27,33,34,36,39,40,45,54,55,64,66,67,68,72,73,77,79,80,82,83,85,87,88,89,90,93,96,99,102,110,119,121,122,129,130,132,134,136,139,142,149,152,154,155,157,159,160,163,164,168,170
Cs5-Cs6	SEEG	µV	n/a	n/a	bipolar	512.0	50 Hz and harmonics	good	n/a	(Cs5-Cs6)	66.0	95	1,2,3,5,6,7,8,9,12,14,17,20,23,24,25,26,27,28,32,33,34,36,39,40,44,45,53,54,55,57,61,64,66,67,68,69,71,72,73,77,79,80,82,83,85,87,88,89,90,93,94,96,99,101,102,104,107,110,112,113,114,115,116,118,119,121,122,124,125,129,130,132,134,136,138,139,142,148,149,152,153,154,155,156,157,158,159,160,161,163,164,166,168,169,170
Cs6-Cs7	SEEG	µV	n/a	n/a	bipolar	512.0	50 Hz and harmonics	good	n/a	(Cs6-Cs7)	67.0	103	1,2,3,5,6,7,8,9,12,13,14,17,20,21,23,24,25,26,27,28,31,32,33,34,36,39,40,44,45,53,54,55,57,61,63,64,66,67,68,69,71,72,73,77,80,82,83,85,87,88,89,92,93,94,96,99,101,102,104,107,110,112,113,114,115,116,118,119,121,122,124,125,126,128,129,130,132,134,136,138,139,140,142,148,149,150,151,152,153,154,155,156,157,158,159,160,161,163,164,166,168,169,170
Cs7-Cs8	SEEG	µV	n/a	n/a	bipolar	512.0	50 Hz and harmonics	good	n/a	(Cs7-Cs8)	68.0	97	1,2,3,5,6,7,8,9,12,13,14,17,20,21,23,24,25,26,27,28,31,32,33,34,36,39,40,44,45,53,54,55,57,61,63,64,66,67,69,72,73,77,80,82,85,87,88,89,92,93,94,96,99,101,102,107,110,112,115,116,118,119,121,122,124,125,126,128,129,130,132,134,136,138,139,140,142,148,149,150,151,152,154,155,156,157,158,159,160,161,163,164,165,166,168,169,170
Cs8-Cs9	SEEG	µV	n/a	n/a	bipolar	512.0	50 Hz and harmonics	good	n/a	(Cs8-Cs9)	69.0	63	1,2,3,5,6,8,9,12,17,20,24,25,26,33,34,36,39,40,44,54,55,62,64,66,67,72,73,77,80,82,85,87,88,89,93,94,96,99,102,117,121,128,129,130,132,134,138,139,142,149,151,152,154,155,157,159,160,163,164,165,166,168,170
Cs9-Cs10	SEEG	µV	n/a	n/a	bipolar	512.0	50 Hz and harmonics	good	n/a	(Cs9-Cs10)	70.0	45	2,3,6,8,9,12,17,20,24,26,33,36,39,40,44,46,54,55,62,64,66,73,77,80,83,85,89,94,102,117,121,124,128,130,144,149,151,154,157,159,160,164,166,168,170
Cs10-Cs11	SEEG	µV	n/a	n/a	bipolar	512.0	50 Hz and harmonics	good	n/a	(Cs10-Cs11)	71.0	41	2,6,8,12,13,14,17,27,30,36,38,40,43,46,50,54,64,73,80,83,85,92,94,102,106,114,117,121,123,124,128,130,133,144,149,151,157,160,165,166,168
Cs11-Cs12	SEEG	µV	n/a	n/a	bipolar	512.0	50 Hz and harmonics	good	n/a	(Cs11-Cs12)	72.0	63	2,8,13,14,15,16,17,27,30,32,36,38,40,43,44,46,50,51,54,68,71,73,80,83,85,87,92,94,95,100,101,104,106,109,112,113,114,115,117,118,119,121,123,124,125,128,130,131,133,135,136,140,141,149,151,155,157,159,160,163,165,166,168
Cs12-Cs13	SEEG	µV	n/a	n/a	bipolar	512.0	50 Hz and harmonics	good	n/a	(Cs12-Cs13)	73.0	77	2,4,7,13,15,16,17,21,27,32,36,38,40,41,43,44,46,50,51,53,54,56,59,62,68,71,73,74,75,80,83,85,87,88,92,94,95,100,101,103,104,106,109,112,113,114,115,117,118,119,121,122,123,124,125,128,130,131,133,135,136,140,141,142,144,149,151,155,157,159,160,163,164,165,166,168,170
Cs13-Cs14	SEEG	µV	n/a	n/a	bipolar	512.0	50 Hz and harmonics	good	n/a	(Cs13-Cs14)	74.0	72	2,4,7,13,15,16,17,21,32,36,38,40,41,43,44,46,50,51,53,54,56,59,62,71,73,74,75,80,85,87,88,90,92,94,96,100,101,103,104,106,109,112,114,117,118,119,121,122,123,124,125,128,130,133,135,136,137,140,141,142,144,149,151,157,160,163,164,165,166,168,169,170
Cs14-Cs15	SEEG	µV	n/a	n/a	bipolar	512.0	50 Hz and harmonics	good	n/a	(Cs14-Cs15)	75.0	62	2,4,7,12,13,16,17,20,21,29,32,36,38,40,43,44,46,53,54,56,71,73,80,83,85,87,88,90,92,93,94,96,101,106,109,112,114,117,118,119,121,122,123,125,128,130,133,137,142,143,144,149,151,152,156,157,160,163,164,166,168,169
Gs1-Gs2	SEEG	µV	n/a	n/a	bipolar	512.0	50 Hz and harmonics	good	n/a	(Gs1-Gs2)	77.0	51	1,2,3,5,6,8,9,12,17,20,24,25,26,27,33,34,36,39,40,44,54,55,64,66,67,68,73,77,82,83,85,88,89,93,99,102,121,130,134,136,139,142,149,152,154,155,157,160,163,164,168
Gs2-Gs3	SEEG	µV	n/a	n/a	bipolar	512.0	50 Hz and harmonics	good	n/a	(Gs2-Gs3)	78.0	54	1,2,3,5,6,8,9,12,17,20,24,25,26,27,33,34,36,39,40,44,54,55,63,64,66,67,68,73,77,82,85,88,89,94,99,102,119,121,130,134,136,139,142,149,152,154,155,157,159,160,163,164,168,170
Gs3-Gs4	SEEG	µV	n/a	n/a	bipolar	512.0	50 Hz and harmonics	good	n/a	(Gs3-Gs4)	79.0	87	1,2,3,5,6,7,8,9,11,12,14,17,20,21,23,24,25,26,27,29,31,33,34,36,39,40,44,46,54,55,56,57,61,62,63,64,66,67,69,73,75,77,80,82,83,84,85,86,87,88,89,94,96,97,98,99,102,112,113,116,119,121,122,123,128,130,134,136,138,142,148,149,150,152,154,155,157,159,160,161,162,163,164,166,168,169,170
Gs4-Gs5	SEEG	µV	n/a	n/a	bipolar	512.0	50 Hz and harmonics	good	n/a	(Gs4-Gs5)	80.0	106	1,2,3,6,7,8,9,11,12,14,15,17,20,21,23,24,25,27,29,31,33,36,39,40,41,42,44,45,46,52,54,55,56,57,61,62,63,64,66,67,69,70,72,73,74,75,77,79,80,81,82,83,84,85,86,87,88,89,93,94,96,97,98,99,102,107,108,109,112,113,115,116,119,121,122,123,124,125,126,128,129,130,134,138,139,142,143,148,149,150,151,152,154,155,157,160,161,162,163,164,165,166,167,168,169,170
Gs5-Gs6	SEEG	µV	n/a	n/a	bipolar	512.0	50 Hz and harmonics	good	n/a	(Gs5-Gs6)	81.0	91	1,3,5,6,8,9,11,12,14,15,17,20,21,24,25,29,33,36,39,40,41,42,44,45,46,52,54,55,57,61,62,63,64,66,67,69,70,72,73,74,75,77,79,80,81,84,85,87,88,89,93,94,96,97,98,99,102,107,108,109,111,112,115,116,121,122,124,125,126,128,129,130,132,134,139,142,143,148,149,150,151,154,155,160,161,163,164,165,166,167,168
Gs6-Gs7	SEEG	µV	n/a	n/a	bipolar	512.0	50 Hz and harmonics	good	n/a	(Gs6-Gs7)	82.0	53	1,3,5,7,8,9,12,15,17,20,21,29,36,40,42,44,46,52,55,60,62,63,64,66,69,74,77,80,85,89,94,97,102,107,111,115,116,117,122,124,130,132,142,149,150,151,155,160,161,163,165,166,168
Gs7-Gs8	SEEG	µV	n/a	n/a	bipolar	512.0	50 Hz and harmonics	good	n/a	(Gs7-Gs8)	83.0	37	3,7,8,12,17,20,21,36,40,44,46,55,56,60,62,63,64,66,74,77,80,85,94,100,102,117,130,132,142,151,157,160,161,163,165,166,168
Gs8-Gs9	SEEG	µV	n/a	n/a	bipolar	512.0	50 Hz and harmonics	good	n/a	(Gs8-Gs9)	84.0	48	3,4,7,13,16,21,30,32,36,41,44,46,50,55,56,60,62,63,73,74,77,78,80,85,94,100,102,114,115,116,117,119,122,128,130,131,132,133,134,136,142,151,157,160,161,163,165,166
Gs9-Gs10	SEEG	µV	n/a	n/a	bipolar	512.0	50 Hz and harmonics	good	n/a	(Gs9-Gs10)	85.0	64	1,3,4,7,13,16,18,21,25,30,32,35,36,39,41,43,44,45,46,49,50,51,55,56,60,62,63,71,73,74,77,78,79,80,82,83,85,90,91,94,100,108,114,115,116,117,118,119,122,128,131,132,133,134,136,142,151,152,157,160,161,163,165,166
Gs10-Gs11	SEEG	µV	n/a	n/a	bipolar	512.0	50 Hz and harmonics	good	n/a	(Gs10-Gs11)	86.0	89	1,3,4,5,7,8,13,14,15,16,18,19,21,23,25,28,32,34,35,36,37,38,39,41,43,44,45,46,49,50,51,52,54,55,56,59,60,62,63,68,71,73,76,77,79,80,82,83,85,90,91,93,94,96,100,101,103,105,107,108,114,115,116,117,118,122,125,128,131,132,133,134,135,136,140,142,144,147,149,150,151,152,155,157,160,163,164,165,166
Gs11-Gs12	SEEG	µV	n/a	n/a	bipolar	512.0	50 Hz and harmonics	good	n/a	(Gs11-Gs12)	87.0	89	1,3,4,5,7,8,13,14,15,18,19,21,23,25,28,32,34,35,36,37,38,39,41,43,44,45,46,50,51,52,54,55,56,59,60,62,63,68,71,73,76,77,79,80,82,83,85,87,90,91,93,94,96,100,101,103,105,107,108,112,114,115,116,117,118,120,122,125,128,129,131,132,133,135,136,140,142,144,147,149,150,151,152,155,163,164,165,166,167
Gs12-Gs13	SEEG	µV	n/a	n/a	bipolar	512.0	50 Hz and harmonics	good	n/a	(Gs12-Gs13)	88.0	66	3,4,5,7,13,15,16,18,19,21,25,28,32,35,36,37,38,39,43,44,46,50,51,56,59,60,68,70,71,73,77,80,82,83,87,90,91,93,94,96,103,107,110,112,114,115,116,117,118,119,120,122,129,132,133,144,147,149,151,152,155,157,164,165,166,167
Ls1-Ls2	SEEG	µV	n/a	n/a	bipolar	512.0	50 Hz and harmonics	good	n/a	(Ls1-Ls2)	90.0	33	1,3,20,24,31,32,36,44,64,66,80,85,87,88,94,99,101,102,119,121,126,129,132,134,136,145,157,159,161,163,164,166,168
Ls2-Ls3	SEEG	µV	n/a	n/a	bipolar	512.0	50 Hz and harmonics	good	n/a	(Ls2-Ls3)	91.0	44	1,3,6,9,12,20,22,24,31,44,48,55,64,67,74,76,80,85,88,94,96,97,98,99,102,107,110,113,121,125,134,143,145,146,151,152,153,157,161,162,164,165,166,168
Ls3-Ls4	SEEG	µV	n/a	n/a	bipolar	512.0	50 Hz and harmonics	good	n/a	(Ls3-Ls4)	92.0	54	1,3,5,6,9,12,14,17,20,21,22,24,31,33,40,41,44,48,52,55,59,60,66,67,70,74,76,80,81,85,94,96,97,98,99,102,107,110,113,125,130,132,134,143,145,146,151,152,153,157,161,162,164,165
Ls4-Ls5	SEEG	µV	n/a	n/a	bipolar	512.0	50 Hz and harmonics	good	n/a	(Ls4-Ls5)	93.0	40	3,5,9,14,17,20,21,33,40,41,50,52,53,55,59,60,64,66,69,70,80,81,85,93,94,96,99,102,113,115,122,130,132,141,146,151,152,161,164,165
Ls5-Ls6	SEEG	µV	n/a	n/a	bipolar	512.0	50 Hz and harmonics	good	n/a	(Ls5-Ls6)	94.0	35	3,5,17,20,21,44,50,52,53,55,60,64,66,69,74,80,81,85,93,94,97,102,103,115,122,132,141,144,146,151,152,160,164,165,166
Ls6-Ls7	SEEG	µV	n/a	n/a	bipolar	512.0	50 Hz and harmonics	good	n/a	(Ls6-Ls7)	95.0	31	3,5,7,20,21,32,43,44,49,52,55,60,66,68,74,77,81,90,94,97,103,131,141,144,151,157,160,161,164,165,166
Ls7-Ls8	SEEG	µV	n/a	n/a	bipolar	512.0	50 Hz and harmonics	good	n/a	(Ls7-Ls8)	96.0	31	3,4,7,13,19,21,26,32,34,43,44,49,51,60,63,66,68,72,74,75,77,90,101,117,131,144,151,157,161,165,166
Ls8-Ls9	SEEG	µV	n/a	n/a	bipolar	512.0	50 Hz and harmonics	good	n/a	(Ls8-Ls9)	97.0	50	3,4,7,12,13,15,19,21,26,29,32,34,37,39,43,44,46,49,51,60,63,66,68,72,74,75,76,77,79,87,90,100,101,114,117,121,128,130,131,144,151,152,154,155,157,161,164,165,166,170
Ls9-Ls10	SEEG	µV	n/a	n/a	bipolar	512.0	50 Hz and harmonics	good	n/a	(Ls9-Ls10)	98.0	62	3,4,12,13,15,16,19,21,26,27,29,32,34,37,39,43,46,49,51,60,63,68,72,74,75,76,77,78,79,83,87,88,90,92,98,100,101,112,114,117,120,121,122,124,125,128,130,131,133,137,149,152,154,155,157,161,164,165,166,168,169,170
Ls10-Ls11	SEEG	µV	n/a	n/a	bipolar	512.0	50 Hz and harmonics	good	n/a	(Ls10-Ls11)	99.0	74	3,4,12,13,14,15,16,18,19,21,23,26,27,29,32,34,39,43,46,49,50,51,57,60,61,63,68,71,72,74,75,76,77,78,79,83,87,88,90,92,96,98,100,101,105,112,113,114,117,118,120,122,124,125,127,128,130,131,133,137,138,142,149,152,154,157,161,163,164,165,166,168,169,170
Ls11-Ls12	SEEG	µV	n/a	n/a	bipolar	512.0	50 Hz and harmonics	good	n/a	(Ls11-Ls12)	100.0	68	3,13,14,16,18,19,20,21,23,26,29,32,34,38,39,43,46,50,57,60,61,63,65,68,71,72,74,75,76,77,79,87,88,90,92,96,100,101,104,105,112,113,114,117,118,119,120,122,124,127,128,130,131,137,138,142,152,154,155,157,163,164,165,166,167,168,169,170
Ls12-Ls13	SEEG	µV	n/a	n/a	bipolar	512.0	50 Hz and harmonics	good	n/a	(Ls12-Ls13)	101.0	47	11,14,16,19,20,21,32,34,38,43,46,60,61,63,65,72,73,74,77,79,94,96,100,103,104,105,106,113,114,117,119,122,128,129,131,138,140,142,154,155,157,163,164,165,166,167,170
Bs1-Bs2	SEEG	µV	n/a	n/a	bipolar	512.0	50 Hz and harmonics	good	n/a	(Bs1-Bs2)	103.0	85	1,2,3,5,6,8,9,11,12,14,15,17,19,20,21,23,24,25,26,27,33,34,36,37,39,40,42,43,45,50,54,55,57,60,64,66,68,72,73,77,78,79,80,82,83,85,87,88,89,90,93,96,98,99,102,104,106,107,110,114,119,121,123,129,130,132,133,134,136,139,141,142,143,149,152,154,155,157,159,160,163,164,167,168,170
Bs2-Bs3	SEEG	µV	n/a	n/a	bipolar	512.0	50 Hz and harmonics	good	n/a	(Bs2-Bs3)	104.0	77	1,2,3,5,6,8,9,11,12,14,15,17,19,20,21,23,24,25,26,27,33,34,36,37,39,40,43,45,54,55,57,60,64,66,67,68,72,73,77,78,79,80,82,83,85,87,88,89,90,93,98,99,102,110,113,114,119,121,129,130,132,134,136,139,142,143,149,152,154,155,157,159,160,163,164,168,170
Bs3-Bs4	SEEG	µV	n/a	n/a	bipolar	512.0	50 Hz and harmonics	good	n/a	(Bs3-Bs4)	105.0	75	1,2,3,5,6,8,9,11,12,14,17,19,20,21,23,24,25,26,27,33,34,36,37,39,40,43,45,54,55,57,60,64,66,67,68,72,73,77,79,80,82,83,85,87,88,89,90,93,98,99,102,110,113,114,119,121,129,130,132,134,136,139,142,143,149,152,154,155,157,159,160,163,164,168,170
Bs4-Bs5	SEEG	µV	n/a	n/a	bipolar	512.0	50 Hz and harmonics	good	n/a	(Bs4-Bs5)	106.0	77	1,2,3,5,6,8,9,11,12,17,20,21,23,24,25,26,27,28,30,33,34,35,36,37,39,40,43,45,48,54,55,58,64,66,67,68,72,73,77,79,80,82,83,85,87,88,89,90,93,98,99,102,109,110,114,119,121,129,130,132,134,136,139,142,143,144,149,152,154,155,157,159,160,163,164,168,170
Bs5-Bs6	SEEG	µV	n/a	n/a	bipolar	512.0	50 Hz and harmonics	good	n/a	(Bs5-Bs6)	107.0	78	1,2,3,5,6,8,9,11,12,16,17,20,23,24,25,26,27,28,30,33,34,35,36,37,39,40,43,44,45,48,54,55,58,64,66,67,68,72,73,77,79,80,82,83,85,87,88,89,90,93,98,99,102,104,109,110,114,119,121,129,130,132,134,136,139,142,144,149,152,154,155,157,159,160,163,164,168,170
Bs6-Bs7	SEEG	µV	n/a	n/a	bipolar	512.0	50 Hz and harmonics	good	n/a	(Bs6-Bs7)	108.0	81	1,2,3,5,6,7,8,9,12,14,16,17,20,23,24,25,26,27,32,33,34,36,39,40,43,44,45,54,55,57,64,66,67,68,72,73,77,79,80,82,83,85,87,88,89,90,93,94,96,98,99,102,104,110,114,119,121,122,129,130,132,134,136,138,139,142,149,151,152,154,155,156,157,159,160,163,164,166,168,169,170
Bs7-Bs8	SEEG	µV	n/a	n/a	bipolar	512.0	50 Hz and harmonics	good	n/a	(Bs7-Bs8)	109.0	77	1,2,3,5,6,7,8,9,12,14,17,20,23,24,25,26,27,32,33,34,36,39,40,44,45,54,55,57,64,66,67,68,72,73,74,77,80,82,83,85,87,88,89,93,94,96,99,102,104,110,114,119,121,122,129,130,132,134,136,138,139,142,149,151,152,154,155,156,157,159,160,163,164,166,168,169,170
Bs8-Bs9	SEEG	µV	n/a	n/a	bipolar	512.0	50 Hz and harmonics	good	n/a	(Bs8-Bs9)	110.0	80	1,2,3,5,6,7,8,9,12,14,17,20,22,24,25,26,28,29,30,32,33,34,36,39,40,44,45,50,52,54,55,57,62,64,66,67,72,73,74,77,80,82,83,84,85,87,88,89,94,96,99,102,104,108,117,119,121,122,128,129,130,132,134,138,139,142,149,151,152,154,155,157,159,160,163,164,166,168,169,170
Bs9-Bs10	SEEG	µV	n/a	n/a	bipolar	512.0	50 Hz and harmonics	good	n/a	(Bs9-Bs10)	111.0	102	2,3,4,5,6,8,9,12,17,19,20,21,22,23,24,26,27,28,29,30,32,33,36,38,39,40,43,44,46,48,50,52,53,54,55,56,59,60,62,63,64,65,66,67,69,72,73,74,75,77,78,80,83,84,85,86,87,88,90,92,94,95,96,98,99,100,102,104,106,107,108,110,117,121,122,123,124,126,128,130,131,132,133,137,138,139,140,144,148,149,151,154,155,157,159,160,162,163,164,166,168,170
Bs10-Bs11	SEEG	µV	n/a	n/a	bipolar	512.0	50 Hz and harmonics	good	n/a	(Bs10-Bs11)	112.0	117	2,3,4,8,9,12,13,16,17,19,20,21,22,23,24,25,26,27,28,29,30,32,33,34,37,38,39,40,43,44,46,48,50,52,53,56,59,60,62,63,64,65,67,68,69,71,72,73,74,75,76,77,78,80,81,83,84,85,86,87,88,90,91,92,93,94,95,96,98,99,100,101,102,105,106,107,108,110,112,114,117,118,121,122,123,124,125,126,128,130,131,132,133,134,136,137,138,139,140,142,144,145,147,148,149,151,155,157,159,160,161,162,163,164,166,168,170
Bs11-Bs12	SEEG	µV	n/a	n/a	bipolar	512.0	50 Hz and harmonics	good	n/a	(Bs11-Bs12)	113.0	132	3,4,9,12,13,15,16,19,20,21,22,23,24,25,26,27,28,29,30,32,33,34,35,36,37,38,39,40,41,42,43,44,46,47,48,49,50,51,52,53,54,55,56,58,59,60,62,63,65,66,68,70,71,72,73,74,75,76,77,78,79,80,81,83,84,85,86,87,88,90,91,92,93,94,96,98,99,100,101,102,103,104,105,106,107,108,109,110,112,113,114,117,118,121,122,123,125,126,128,129,130,131,132,133,134,136,137,138,139,140,142,143,144,145,147,148,150,151,152,154,155,157,159,160,161,162,163,164,166,168,169,170
Bs12-Bs13	SEEG	µV	n/a	n/a	bipolar	512.0	50 Hz and harmonics	good	n/a	(Bs12-Bs13)	114.0	124	3,4,9,12,13,14,15,16,19,20,21,22,23,24,25,26,27,28,29,30,32,33,34,35,36,37,38,40,41,42,43,44,46,47,48,49,50,51,52,53,54,55,56,58,59,62,63,66,68,70,71,72,73,74,76,77,78,79,80,81,83,84,85,86,87,88,90,92,93,94,96,98,99,100,101,103,104,105,106,107,109,110,112,113,114,117,118,121,122,123,125,126,128,129,130,131,132,133,136,137,138,139,140,142,143,144,145,148,150,151,152,154,155,157,159,160,161,162,163,164,165,166,168,169
Bs13-Bs14	SEEG	µV	n/a	n/a	bipolar	512.0	50 Hz and harmonics	good	n/a	(Bs13-Bs14)	115.0	91	3,4,12,13,14,15,19,20,21,22,24,25,27,29,30,32,33,36,37,38,40,42,43,45,46,48,50,51,52,53,56,58,59,68,71,73,74,76,77,79,81,83,84,85,86,87,88,94,96,98,99,100,101,103,104,106,107,108,112,113,114,117,121,122,123,125,126,128,130,132,133,136,137,138,139,140,142,143,148,150,151,152,154,155,157,161,163,164,165,166,169
Bs14-Bs15	SEEG	µV	n/a	n/a	bipolar	512.0	50 Hz and harmonics	good	n/a	(Bs14-Bs15)	116.0	81	3,4,12,13,14,15,18,20,21,24,25,27,29,30,32,33,36,40,42,43,45,46,50,51,52,53,54,56,58,59,60,62,68,71,72,74,77,83,84,85,86,87,88,94,96,98,99,100,101,103,104,108,112,113,114,116,117,119,122,123,125,130,132,133,136,137,138,142,143,149,151,152,154,155,157,159,161,163,164,166,168
Rs1-Rs2	SEEG	µV	n/a	n/a	bipolar	512.0	50 Hz and harmonics	good	n/a	(Rs1-Rs2)	118.0	98	2,3,4,5,6,7,8,10,12,15,17,18,19,21,22,23,24,25,26,27,30,32,33,34,35,36,37,41,44,45,47,49,50,51,52,53,55,56,60,62,65,67,69,70,72,73,74,76,77,78,80,82,83,84,85,86,87,90,91,93,98,101,102,103,109,110,111,116,119,120,121,122,123,124,128,129,130,131,132,135,136,137,138,139,141,142,145,147,151,152,154,157,158,159,160,166,168,170
Rs2-Rs3	SEEG	µV	n/a	n/a	bipolar	512.0	50 Hz and harmonics	good	n/a	(Rs2-Rs3)	119.0	98	1,2,3,4,5,6,7,10,12,15,17,18,19,21,22,23,24,25,27,30,32,33,34,35,36,37,41,45,47,49,50,51,52,53,55,56,60,64,65,67,69,70,72,73,74,76,77,78,80,81,82,83,84,85,86,87,90,98,101,102,103,109,110,111,116,117,118,119,120,121,122,123,124,128,129,131,132,135,136,137,138,139,140,141,142,145,147,151,152,154,155,157,158,159,160,166,168,170
Rs3-Rs4	SEEG	µV	n/a	n/a	bipolar	512.0	50 Hz and harmonics	good	n/a	(Rs3-Rs4)	120.0	51	1,3,4,6,7,19,20,21,22,26,30,32,38,44,49,53,54,55,64,69,72,73,76,80,81,85,87,90,93,94,111,114,117,118,119,120,123,130,131,132,140,141,147,151,152,154,155,159,161,166,170
Rs4-Rs7	SEEG	µV	n/a	n/a	bipolar	512.0	50 Hz and harmonics	good	n/a	(Rs4-Rs7)	121.0	49	3,4,6,7,9,17,20,21,22,26,30,32,35,38,39,41,43,44,49,54,55,73,80,84,85,87,90,93,94,97,98,102,114,116,119,123,124,125,129,130,132,140,151,152,155,161,165,166,170
Rs7-Rs8	SEEG	µV	n/a	n/a	bipolar	512.0	50 Hz and harmonics	good	n/a	(Rs7-Rs8)	122.0	41	3,6,9,17,21,24,26,32,34,35,39,41,43,44,45,49,84,85,86,87,90,93,97,98,102,114,116,123,124,125,129,142,151,152,155,161,163,164,165,166,170
Rs8-Rs9	SEEG	µV	n/a	n/a	bipolar	512.0	50 Hz and harmonics	good	n/a	(Rs8-Rs9)	123.0	42	3,6,9,24,32,34,35,39,43,44,45,46,49,58,66,78,79,84,86,87,88,90,93,94,98,101,109,114,122,123,125,129,137,142,151,152,155,161,163,164,165,166
Rs9-Rs10	SEEG	µV	n/a	n/a	bipolar	512.0	50 Hz and harmonics	good	n/a	(Rs9-Rs10)	124.0	37	16,24,32,35,38,43,44,46,48,58,66,73,74,78,79,85,87,88,90,94,98,101,106,109,122,125,129,137,144,145,148,151,152,155,161,164,165
Rs10-Rs11	SEEG	µV	n/a	n/a	bipolar	512.0	50 Hz and harmonics	good	n/a	(Rs10-Rs11)	125.0	46	6,16,18,24,31,32,34,38,43,46,48,50,57,58,66,68,73,74,78,79,80,81,85,87,88,90,94,98,106,109,117,122,125,129,133,137,142,144,145,148,151,152,155,161,164,165
Rs11-Rs12	SEEG	µV	n/a	n/a	bipolar	512.0	50 Hz and harmonics	good	n/a	(Rs11-Rs12)	126.0	43	6,16,18,24,28,31,32,34,36,43,46,50,57,58,66,68,73,74,78,80,81,85,87,88,90,94,98,106,109,117,125,129,133,137,142,144,145,148,151,152,155,164,165
Rs12-Rs13	SEEG	µV	n/a	n/a	bipolar	512.0	50 Hz and harmonics	good	n/a	(Rs12-Rs13)	127.0	58	6,18,24,26,27,28,29,30,32,34,36,40,43,45,46,48,49,50,57,58,72,73,74,75,80,87,88,94,98,103,106,108,109,112,117,118,120,124,125,129,130,131,133,137,141,142,144,145,148,150,151,152,155,161,164,165,166,170
Os2-Os3	SEEG	µV	n/a	n/a	bipolar	512.0	50 Hz and harmonics	good	n/a	(Os2-Os3)	130.0	163	1,3,4,5,6,7,8,9,10,11,12,13,14,15,16,17,18,19,20,21,22,23,24,25,26,27,28,29,30,31,32,33,34,35,36,37,38,39,40,41,42,43,44,45,46,47,48,49,50,51,52,53,54,55,56,57,58,59,60,61,62,63,64,65,66,67,68,69,70,71,72,73,74,75,76,77,78,79,80,81,83,84,85,86,87,88,89,90,91,92,93,94,95,96,97,98,99,100,101,102,104,105,106,107,108,109,110,111,112,113,114,115,116,117,118,119,120,121,122,123,124,125,126,127,128,129,130,131,132,133,134,135,136,137,138,139,141,142,143,145,146,147,148,150,151,152,153,155,156,157,158,159,160,161,162,163,164,165,166,167,168,169,170
Os3-Os4	SEEG	µV	n/a	n/a	bipolar	512.0	50 Hz and harmonics	good	n/a	(Os3-Os4)	131.0	54	1,3,12,17,18,21,22,24,29,36,39,44,59,60,62,64,67,72,73,76,78,79,80,85,91,93,94,99,100,104,109,111,112,114,116,120,122,124,126,130,136,137,139,141,143,145,148,151,152,155,157,158,161,166
Os4-Os5	SEEG	µV	n/a	n/a	bipolar	512.0	50 Hz and harmonics	good	n/a	(Os4-Os5)	132.0	13	3,24,36,44,72,80,94,99,112,132,151,152,166
Os5-Os6	SEEG	µV	n/a	n/a	bipolar	512.0	50 Hz and harmonics	good	n/a	(Os5-Os6)	133.0	7	3,20,44,80,132,144,166
Os6-Os7	SEEG	µV	n/a	n/a	bipolar	512.0	50 Hz and harmonics	good	n/a	(Os6-Os7)	134.0	7	20,67,80,117,144,161,166
Os7-Os8	SEEG	µV	n/a	n/a	bipolar	512.0	50 Hz and harmonics	good	n/a	(Os7-Os8)	135.0	7	20,67,80,117,137,161,166
Os8-Os9	SEEG	µV	n/a	n/a	bipolar	512.0	50 Hz and harmonics	good	n/a	(Os8-Os9)	136.0	14	20,23,50,67,74,88,114,117,123,124,137,158,159,166
Os9-Os10	SEEG	µV	n/a	n/a	bipolar	512.0	50 Hz and harmonics	good	n/a	(Os9-Os10)	137.0	20	20,23,25,27,30,36,50,74,87,88,109,114,117,123,124,137,158,159,162,166
Os10-Os11	SEEG	µV	n/a	n/a	bipolar	512.0	50 Hz and harmonics	good	n/a	(Os10-Os11)	138.0	27	25,27,28,30,31,32,36,46,50,74,83,87,88,90,96,98,109,113,114,117,130,136,137,139,150,157,162
Os11-Os12	SEEG	µV	n/a	n/a	bipolar	512.0	50 Hz and harmonics	good	n/a	(Os11-Os12)	139.0	33	8,21,25,27,28,30,31,32,36,46,74,80,83,85,88,90,96,98,109,113,114,117,127,129,130,132,136,137,139,141,150,156,157
Os12-Os13	SEEG	µV	n/a	n/a	bipolar	512.0	50 Hz and harmonics	good	n/a	(Os12-Os13)	140.0	37	3,8,21,25,27,28,30,31,32,36,40,44,46,51,58,74,80,83,85,88,96,98,102,114,127,129,130,132,134,136,137,139,141,150,152,156,157
Os13-Os14	SEEG	µV	n/a	n/a	bipolar	512.0	50 Hz and harmonics	good	n/a	(Os13-Os14)	141.0	32	1,3,8,25,28,30,31,36,40,44,46,51,58,74,80,83,85,88,96,102,127,129,130,132,134,136,137,139,141,152,156,157
Os14-Os15	SEEG	µV	n/a	n/a	bipolar	512.0	50 Hz and harmonics	good	n/a	(Os14-Os15)	142.0	27	1,25,28,31,32,36,40,46,51,70,80,83,85,87,88,127,129,130,132,134,136,137,139,141,152,156,157
Ks1-Ks2	SEEG	µV	n/a	n/a	bipolar	512.0	50 Hz and harmonics	good	n/a	(Ks1-Ks2)	144.0	77	1,2,3,5,6,7,8,9,11,12,14,15,17,20,24,25,29,32,33,36,39,40,42,44,45,46,52,54,55,57,60,61,62,63,64,66,67,68,69,77,79,80,84,85,89,90,91,94,96,99,102,104,107,109,111,115,116,119,121,122,123,126,130,134,135,142,143,149,150,151,154,155,160,164,166,168,170
Ks2-Ks3	SEEG	µV	n/a	n/a	bipolar	512.0	50 Hz and harmonics	good	n/a	(Ks2-Ks3)	145.0	91	1,3,5,7,8,11,12,15,17,20,21,23,24,28,29,31,36,38,40,42,44,45,46,47,50,52,55,57,58,60,61,63,64,65,66,67,68,69,70,74,76,77,80,81,84,85,87,89,91,92,93,94,97,99,102,103,104,105,106,107,108,109,111,115,116,122,123,124,125,129,130,132,134,135,136,139,142,145,146,149,150,151,155,156,158,160,164,165,166,167,168
Ks3-Ks4	SEEG	µV	n/a	n/a	bipolar	512.0	50 Hz and harmonics	good	n/a	(Ks3-Ks4)	146.0	115	3,4,5,7,8,10,11,12,14,15,16,17,20,21,23,28,29,31,36,38,40,41,42,44,45,46,47,48,49,50,52,55,56,57,58,59,60,61,63,64,65,66,67,68,69,70,71,72,73,74,75,76,77,80,81,84,85,87,88,89,91,92,93,94,97,98,99,102,103,104,105,106,107,108,109,110,111,115,116,118,122,124,125,126,127,128,129,130,131,132,134,135,136,138,139,141,142,143,145,146,148,149,151,152,155,156,158,160,164,165,166,167,168,169,170
Ks4-Ks5	SEEG	µV	n/a	n/a	bipolar	512.0	50 Hz and harmonics	good	n/a	(Ks4-Ks5)	147.0	123	2,3,4,5,6,7,8,10,11,12,14,15,16,17,20,22,23,28,29,30,31,33,34,35,36,39,40,41,42,43,44,45,46,48,49,50,52,55,56,57,58,59,60,61,63,64,65,66,67,68,69,70,71,72,73,74,75,76,78,79,80,81,84,85,86,87,88,89,90,91,92,93,94,97,98,99,100,103,104,105,106,107,108,110,111,112,115,116,118,122,123,125,126,127,128,129,130,131,132,134,135,136,138,139,141,142,143,145,146,147,148,149,151,152,155,157,158,162,164,165,166,169,170
Ks5-Ks6	SEEG	µV	n/a	n/a	bipolar	512.0	50 Hz and harmonics	good	n/a	(Ks5-Ks6)	148.0	112	2,3,4,5,6,7,8,10,11,12,14,15,17,20,22,23,28,29,30,31,33,34,35,36,39,40,41,43,44,46,48,50,52,55,56,58,59,60,61,63,64,65,66,67,68,69,70,72,73,74,75,76,78,79,80,81,84,85,86,87,88,89,90,91,92,93,94,97,98,99,100,103,104,105,106,107,108,110,111,112,115,116,118,122,123,125,126,128,129,131,132,135,136,138,139,141,143,145,146,147,148,151,152,155,157,158,162,164,165,166,169,170
Ks6-Ks7	SEEG	µV	n/a	n/a	bipolar	512.0	50 Hz and harmonics	good	n/a	(Ks6-Ks7)	149.0	49	3,5,7,8,12,17,28,39,44,46,50,52,55,59,60,61,66,67,79,80,81,87,88,91,93,94,98,99,100,103,106,107,111,112,115,122,125,126,131,132,135,136,141,143,151,152,158,165,169
Ks7-Ks8	SEEG	µV	n/a	n/a	bipolar	512.0	50 Hz and harmonics	good	n/a	(Ks7-Ks8)	150.0	15	3,5,17,21,44,55,80,88,99,112,122,141,151,158,166
Ks8-Ks9	SEEG	µV	n/a	n/a	bipolar	512.0	50 Hz and harmonics	good	n/a	(Ks8-Ks9)	151.0	5	3,21,44,80,166
Ks9-Ks11	SEEG	µV	n/a	n/a	bipolar	512.0	50 Hz and harmonics	good	n/a	(Ks9-Ks11)	152.0	5	3,21,44,80,137
Ks11-Ks12	SEEG	µV	n/a	n/a	bipolar	512.0	50 Hz and harmonics	good	n/a	(Ks11-Ks12)	153.0	4	36,137,142,147
Ks12-Ks13	SEEG	µV	n/a	n/a	bipolar	512.0	50 Hz and harmonics	good	n/a	(Ks12-Ks13)	154.0	10	8,22,36,44,50,88,137,139,142,147
Ks13-Ks14	SEEG	µV	n/a	n/a	bipolar	512.0	50 Hz and harmonics	good	n/a	(Ks13-Ks14)	155.0	27	7,8,10,11,22,24,32,36,44,48,50,65,67,69,87,88,93,102,113,121,127,137,139,142,147,151,162
Ks14-Ks15	SEEG	µV	n/a	n/a	bipolar	512.0	50 Hz and harmonics	good	n/a	(Ks14-Ks15)	156.0	24	7,10,11,18,24,32,39,48,50,54,65,67,69,87,93,102,105,113,121,127,139,148,151,162
Ks15-Ks16	SEEG	µV	n/a	n/a	bipolar	512.0	50 Hz and harmonics	good	n/a	(Ks15-Ks16)	157.0	13	18,21,26,39,51,54,86,101,102,105,113,148,166
Ks16-Ks17	SEEG	µV	n/a	n/a	bipolar	512.0	50 Hz and harmonics	good	n/a	(Ks16-Ks17)	158.0	13	21,26,39,51,54,86,101,105,111,113,118,148,166
Ks17-Ks18	SEEG	µV	n/a	n/a	bipolar	512.0	50 Hz and harmonics	good	n/a	(Ks17-Ks18)	159.0	18	21,37,39,44,51,54,84,85,101,111,116,118,134,146,148,156,159,166
Cd1-Cd2	SEEG	µV	n/a	n/a	bipolar	512.0	50 Hz and harmonics	good	n/a	(Cd1-Cd2)	161.0	86	1,2,3,4,5,6,8,9,11,15,17,19,20,23,24,26,27,32,33,34,35,37,38,39,40,42,43,44,45,52,53,54,55,57,59,62,63,64,66,69,72,73,74,77,80,82,83,85,87,89,92,93,94,96,102,105,108,109,110,111,113,116,119,121,123,124,126,127,128,129,132,136,138,139,140,149,151,154,155,156,157,165,167,168,169,170
Cd2-Cd3	SEEG	µV	n/a	n/a	bipolar	512.0	50 Hz and harmonics	good	n/a	(Cd2-Cd3)	162.0	91	1,2,3,4,5,6,8,9,11,15,17,18,19,20,23,24,26,27,32,33,34,35,37,38,39,40,42,43,44,52,53,54,55,56,57,58,59,62,63,64,66,69,72,73,74,77,80,82,83,84,85,87,89,92,93,94,95,96,102,105,108,109,110,111,113,116,119,121,123,124,126,127,128,129,132,136,138,139,140,149,151,154,155,156,157,158,165,167,168,169,170
Cd3-Cd4	SEEG	µV	n/a	n/a	bipolar	512.0	50 Hz and harmonics	good	n/a	(Cd3-Cd4)	163.0	90	1,2,3,4,5,6,8,9,11,15,17,18,19,20,23,24,26,27,32,33,34,35,36,37,38,39,40,42,43,44,52,53,54,55,56,57,58,59,63,64,66,69,72,73,74,77,80,82,83,84,85,87,89,92,93,94,95,96,102,105,108,109,110,111,113,116,119,121,123,124,126,127,128,129,132,136,138,139,140,149,151,154,155,156,157,158,165,168,169,170
Cd4-Cd5	SEEG	µV	n/a	n/a	bipolar	512.0	50 Hz and harmonics	good	n/a	(Cd4-Cd5)	164.0	83	1,2,3,4,5,6,8,9,11,15,17,19,20,23,24,26,27,32,33,34,36,37,38,39,42,43,44,45,46,52,54,55,56,59,63,64,66,67,69,73,74,77,79,80,82,83,85,87,89,90,92,93,94,96,102,105,108,110,113,116,119,124,125,126,128,129,130,132,136,138,139,140,145,149,151,154,155,156,157,165,168,169,170
Cd5-Cd6	SEEG	µV	n/a	n/a	bipolar	512.0	50 Hz and harmonics	good	n/a	(Cd5-Cd6)	165.0	89	1,2,3,4,5,6,8,9,10,11,15,17,19,20,23,24,26,27,30,32,33,34,35,37,39,40,42,43,44,45,46,48,52,53,54,55,56,59,63,64,66,67,68,69,73,74,77,79,80,82,83,85,87,89,90,92,93,94,96,102,105,108,110,111,113,119,120,124,125,126,128,129,130,132,136,138,139,140,145,149,151,154,155,156,157,165,168,169,170
Cd6-Cd7	SEEG	µV	n/a	n/a	bipolar	512.0	50 Hz and harmonics	good	n/a	(Cd6-Cd7)	166.0	114	1,2,3,4,5,6,8,9,10,11,15,17,19,20,21,23,24,25,26,27,30,32,33,34,35,36,37,38,39,40,42,43,44,45,46,47,48,52,53,54,55,56,57,58,59,62,64,65,66,67,68,69,72,73,74,77,79,80,81,82,83,85,87,89,90,92,93,94,96,97,102,105,107,108,109,110,111,113,115,116,118,119,120,121,123,124,126,127,128,129,132,135,136,137,138,139,140,141,143,145,149,151,153,154,155,156,158,160,163,165,167,168,169,170
Cd7-Cd8	SEEG	µV	n/a	n/a	bipolar	512.0	50 Hz and harmonics	good	n/a	(Cd7-Cd8)	167.0	111	1,2,3,4,5,6,8,9,10,11,14,15,17,19,20,21,23,24,25,26,27,32,33,34,35,36,37,38,39,40,42,43,44,45,47,48,52,53,54,55,56,57,58,59,62,64,65,66,67,69,72,73,74,77,79,80,81,82,83,85,87,89,90,92,93,94,96,97,102,105,107,108,109,110,111,113,115,116,118,119,120,121,123,124,126,127,128,129,132,135,136,137,138,139,140,141,143,149,151,152,153,154,155,156,158,160,163,167,168,169,170
Cd8-Cd9	SEEG	µV	n/a	n/a	bipolar	512.0	50 Hz and harmonics	good	n/a	(Cd8-Cd9)	168.0	88	1,2,3,5,6,8,9,10,11,14,15,17,19,20,21,23,24,25,26,27,32,33,34,35,36,37,38,39,40,42,43,44,45,47,48,52,53,54,55,58,59,62,64,66,67,69,73,74,77,79,80,82,83,85,87,89,90,92,93,94,96,102,105,107,108,109,110,115,119,120,126,129,132,136,137,138,139,140,149,151,152,154,155,156,167,168,169,170
Cd9-Cd10	SEEG	µV	n/a	n/a	bipolar	512.0	50 Hz and harmonics	good	n/a	(Cd9-Cd10)	169.0	73	1,2,3,5,6,8,9,11,15,17,19,20,27,32,33,34,35,37,39,40,42,43,44,45,48,49,52,55,58,59,62,64,66,67,69,73,74,77,79,80,82,83,85,87,89,90,92,93,94,96,102,105,108,109,115,119,126,129,132,136,137,138,139,140,151,152,154,155,156,167,168,169,170
Cd10-Cd11	SEEG	µV	n/a	n/a	bipolar	512.0	50 Hz and harmonics	good	n/a	(Cd10-Cd11)	170.0	63	1,2,3,5,6,8,9,11,15,17,19,27,32,33,34,37,39,40,42,43,44,48,49,55,59,64,66,67,69,73,74,77,79,80,83,85,87,89,90,91,92,93,94,96,102,105,108,119,126,129,132,136,137,138,139,140,152,154,155,156,168,169,170
Cd11-Cd12	SEEG	µV	n/a	n/a	bipolar	512.0	50 Hz and harmonics	good	n/a	(Cd11-Cd12)	171.0	51	1,2,3,5,6,8,9,11,15,17,19,27,33,34,37,39,42,43,44,55,64,66,73,74,77,79,80,83,87,89,91,92,93,94,96,102,105,108,119,126,129,132,136,137,138,140,152,154,155,156,169
Cd12-Cd13	SEEG	µV	n/a	n/a	bipolar	512.0	50 Hz and harmonics	good	n/a	(Cd12-Cd13)	172.0	43	1,2,3,6,8,9,11,17,19,27,33,34,39,42,43,44,55,66,73,74,77,80,87,89,91,94,96,102,105,108,119,126,129,130,132,136,137,140,152,154,155,156,169
Cd13-Cd14	SEEG	µV	n/a	n/a	bipolar	512.0	50 Hz and harmonics	good	n/a	(Cd13-Cd14)	173.0	34	1,2,3,6,8,9,11,17,19,27,33,34,39,42,43,44,55,66,73,77,87,89,94,102,108,119,126,129,130,132,136,140,152,155
Cd14-Cd15	SEEG	µV	n/a	n/a	bipolar	512.0	50 Hz and harmonics	good	n/a	(Cd14-Cd15)	174.0	33	1,2,3,6,9,11,17,19,27,33,34,39,42,44,55,62,66,73,77,87,89,94,102,108,119,126,129,130,132,136,140,152,155
Ld1-Ld2	SEEG	µV	n/a	n/a	bipolar	512.0	50 Hz and harmonics	good	n/a	(Ld1-Ld2)	176.0	50	1,2,6,7,10,15,17,19,22,23,27,29,34,37,39,41,43,44,47,53,56,59,61,66,77,82,85,89,94,95,101,105,107,121,127,129,130,131,134,136,138,139,143,147,150,151,152,161,166,170
Ld2-Ld3	SEEG	µV	n/a	n/a	bipolar	512.0	50 Hz and harmonics	good	n/a	(Ld2-Ld3)	177.0	35	1,2,6,7,10,15,17,19,22,39,42,43,44,47,59,66,77,82,87,89,94,101,107,121,127,129,130,131,134,139,143,147,152,166,170
Ld3-Ld4	SEEG	µV	n/a	n/a	bipolar	512.0	50 Hz and harmonics	good	n/a	(Ld3-Ld4)	178.0	30	1,2,3,6,7,10,15,17,19,22,39,40,42,43,44,66,77,82,87,89,94,101,121,127,129,130,134,139,152,166
Ld4-Ld5	SEEG	µV	n/a	n/a	bipolar	512.0	50 Hz and harmonics	good	n/a	(Ld4-Ld5)	179.0	25	1,2,3,6,7,15,17,19,20,35,39,40,42,44,66,68,77,87,89,94,101,114,152,165,166
Ld5-Ld6	SEEG	µV	n/a	n/a	bipolar	512.0	50 Hz and harmonics	good	n/a	(Ld5-Ld6)	180.0	18	2,7,20,21,22,30,35,39,44,68,89,94,101,114,137,152,155,165
Ld6-Ld7	SEEG	µV	n/a	n/a	bipolar	512.0	50 Hz and harmonics	good	n/a	(Ld6-Ld7)	181.0	11	20,21,22,30,44,94,114,137,152,155,165
Ld7-Ld8	SEEG	µV	n/a	n/a	bipolar	512.0	50 Hz and harmonics	good	n/a	(Ld7-Ld8)	182.0	5	21,30,44,94,165
Ld8-Ld9	SEEG	µV	n/a	n/a	bipolar	512.0	50 Hz and harmonics	good	n/a	(Ld8-Ld9)	183.0	8	3,21,30,39,44,68,94,165
Ld9-Ld10	SEEG	µV	n/a	n/a	bipolar	512.0	50 Hz and harmonics	good	n/a	(Ld9-Ld10)	184.0	10	3,39,68,81,85,94,108,109,152,162
Ld10-Ld11	SEEG	µV	n/a	n/a	bipolar	512.0	50 Hz and harmonics	good	n/a	(Ld10-Ld11)	185.0	14	2,3,27,39,68,81,85,94,108,109,130,152,162,165
