onset	duration	sample	trial_type	epoch	epoch_onset	TrialNumber	Condition	Correct	ResponseTime	Block	Training	DelayLength	AnswerButtonCorrect	AnswerButtonRT	Trials2Reject	n_channels_rejected
2.0	2.0	1024	encoding	1	0.0	1	2	1	1.2180376998148859	-2	1	4.000956900184974	n/a	n/a	0	29
11.900390625	2.0	6093	encoding	2	9.900390625	2	2	1	0.573383399983868	-2	1	4.100554100004956	n/a	n/a	1	81
21.80078125	2.0	11162	encoding	3	19.80078125	3	2	1	0.6160476999357343	-2	1	4.000831500161439	n/a	n/a	1	82
31.701171875	2.0	16231	encoding	4	29.701171875	4	2	1	1.9003582000732422	-2	1	4.000634300056845	n/a	n/a	0	32
41.6015625	2.0	21300	encoding	5	39.6015625	5	2	1	2.0114847999066114	-2	1	4.000979500124231	n/a	n/a	1	83
51.501953125	2.0	26369	encoding	6	49.501953125	6	3	1	0.5469440000597388	-1	1	4.001016000052914	1	0.5005398001521826	1	84
61.40234375	2.0	31438	encoding	7	59.40234375	7	3	1	0.5885264000389725	-1	1	4.102166600059718	1	0.4838066999800503	1	63
71.302734375	2.0	36507	encoding	8	69.302734375	8	3	1	0.7283302000723779	-1	1	4.1006948000285774	1	1.0502386998850852	1	54
81.203125	2.0	41576	encoding	9	79.203125	9	3	1	0.6056727999821305	-1	1	4.100829400122166	1	0.7003353000618517	0	39
91.103515625	2.0	46645	encoding	10	89.103515625	10	3	1	0.6263737000990659	-1	1	4.101055399980396	1	0.5837489999830723	0	34
101.00390625	2.0	51714	encoding	11	99.00390625	11	2	1	1.3283587000332773	1	0	4.000811900012195	n/a	n/a	0	34
110.904296875	2.0	56783	encoding	12	108.904296875	12	2	1	1.755052600055933	1	0	4.0006177998147905	n/a	n/a	0	33
120.8046875	2.0	61852	encoding	13	118.8046875	13	2	1	0.7626642999239266	1	0	4.000671100104228	n/a	n/a	0	24
130.705078125	2.0	66921	encoding	14	128.705078125	14	2	1	0.777399999788031	1	0	4.100788700161502	n/a	n/a	1	89
140.60546875	2.0	71990	encoding	15	138.60546875	15	2	1	0.5454819998703897	1	0	4.100439300062135	n/a	n/a	0	46
150.505859375	2.0	77059	encoding	16	148.505859375	16	2	1	0.7778704999946058	1	0	3.9009845999535173	n/a	n/a	0	42
160.40625	2.0	82128	encoding	17	158.40625	17	2	1	0.3454371001571417	1	0	4.000614699907601	n/a	n/a	1	40
170.306640625	2.0	87197	encoding	18	168.306640625	18	2	1	0.46034569991752505	1	0	3.900849999859929	n/a	n/a	1	94
180.20703125	2.0	92266	encoding	19	178.20703125	19	2	1	0.5275440998375416	1	0	3.900322600034997	n/a	n/a	1	60
190.107421875	2.0	97335	encoding	20	188.107421875	20	2	1	0.5285410000942647	1	0	3.900465999962762	n/a	n/a	1	62
200.0078125	2.0	102404	encoding	21	198.0078125	21	3	1	0.5286236999090761	3	0	4.101472400128841	1	0.6669714001473039	0	28
209.908203125	2.0	107473	encoding	22	207.908203125	22	3	1	0.8608937999233603	3	0	3.9009640999138355	1	0.5004155999049544	1	39
219.80859375	2.0	112542	encoding	23	217.80859375	23	3	1	1.7840676999185234	3	0	4.100552899995819	1	0.7498037999030203	1	42
229.708984375	2.0	117611	encoding	24	227.708984375	24	3	1	0.7183352999854833	3	0	4.100737700005993	1	0.8005039000418037	0	31
239.609375	2.0	122680	encoding	25	237.609375	25	3	1	0.5682433003094047	3	0	4.000586499925703	1	0.5001135999336839	1	47
249.509765625	2.0	127749	encoding	26	247.509765625	26	3	1	0.5341496001929045	3	0	4.100696500157937	1	0.5833348000887781	0	36
259.41015625	2.0	132818	encoding	27	257.41015625	27	3	1	0.9383111998904496	3	0	4.002053199801594	1	0.5004688000772148	1	93
269.310546875	2.0	137887	encoding	28	267.310546875	28	3	1	0.5024390995968133	3	0	3.900768000166863	1	0.48361529991962016	1	47
279.2109375	2.0	142956	encoding	29	277.2109375	29	3	1	0.4787934001069516	3	0	4.001170800067484	1	0.41712009999901056	1	44
289.111328125	2.0	148025	encoding	30	287.111328125	30	3	1	0.37765019992366433	3	0	4.0009304999839514	1	0.2839013000484556	0	30
299.01171875	2.0	153094	encoding	31	297.01171875	31	3	1	0.5770880000200123	5	0	3.8997736000455916	1	0.6836743999738246	0	32
308.912109375	2.0	158163	encoding	32	306.912109375	32	3	1	0.7115830001421273	5	0	4.100796499988064	1	0.4670040998607874	0	42
318.8125	2.0	163232	encoding	33	316.8125	33	3	1	0.48834759974852204	5	0	3.900717900134623	1	0.5668941999319941	1	61
328.712890625	2.0	168301	encoding	34	326.712890625	34	3	1	0.5256324999500066	5	0	4.000792399980128	1	0.48369290004484355	0	36
338.61328125	2.0	173370	encoding	35	336.61328125	35	3	1	1.1266338999848813	5	0	4.000438299961388	1	0.8005582001060247	0	29
348.513671875	2.0	178439	encoding	36	346.513671875	36	3	1	0.8789533998351544	5	0	3.900575199862942	1	1.083440899848938	0	19
358.4140625	2.0	183508	encoding	37	356.4140625	37	3	1	0.4863693001680076	5	0	3.900856100022793	1	0.6503325998783112	1	52
368.314453125	2.0	188577	encoding	38	366.314453125	38	3	1	0.7040943996980786	5	0	3.9002679002005607	1	0.5172669000457972	1	44
378.21484375	2.0	193646	encoding	39	376.21484375	39	3	1	0.5284432000480592	5	0	4.100684399949387	1	0.7503364998847246	1	40
388.115234375	2.0	198715	encoding	40	386.115234375	40	3	1	0.40429500001482666	5	0	3.900799899827689	1	0.4503051000647247	1	68
398.015625	2.0	203784	encoding	41	396.015625	41	2	1	0.49581240001134574	6	0	3.9006460001692176	n/a	n/a	0	30
407.916015625	2.0	208853	encoding	42	405.916015625	42	2	1	0.5671395999379456	6	0	3.9013908999040723	n/a	n/a	1	51
417.81640625	2.0	213922	encoding	43	415.81640625	43	2	1	0.47857320006005466	6	0	4.000376199837774	n/a	n/a	1	42
427.716796875	2.0	218991	encoding	44	425.716796875	44	2	1	0.4831689998973161	6	0	4.000800900161266	n/a	n/a	1	71
437.6171875	2.0	224060	encoding	45	435.6171875	45	2	1	1.3872219000477344	6	0	4.001397799933329	n/a	n/a	1	72
447.517578125	2.0	229129	encoding	46	445.517578125	46	2	1	0.6546302002388984	6	0	4.000741299940273	n/a	n/a	1	76
457.41796875	2.0	234198	encoding	47	455.41796875	47	2	1	0.504673499846831	6	0	4.10068010003306	n/a	n/a	1	54
467.318359375	2.0	239267	encoding	48	465.318359375	48	2	1	0.504792399937287	6	0	4.100448600016534	n/a	n/a	0	35
477.21875	2.0	244336	encoding	49	475.21875	49	2	1	0.5453202000353485	6	0	4.0005631998647	n/a	n/a	1	62
487.119140625	2.0	249405	encoding	50	485.119140625	50	2	1	0.599933200282976	6	0	4.000299399951473	n/a	n/a	1	71
497.01953125	2.0	254474	encoding	51	495.01953125	51	3	1	0.7118387001100928	7	0	4.003054399974644	1	0.45029389997944236	1	69
506.919921875	2.0	259543	encoding	52	504.919921875	52	3	1	0.565352899953723	7	0	4.000865200068802	1	0.40030370000749826	0	36
516.8203125	2.0	264612	encoding	53	514.8203125	53	3	1	0.74333900003694	7	0	4.100798500003293	1	0.3837862000800669	1	44
526.720703125	2.0	269681	encoding	54	524.720703125	54	3	1	0.41096899984404445	7	0	4.000921499915421	1	0.6175599999260157	1	56
536.62109375	2.0	274750	encoding	55	534.62109375	55	3	1	0.4620112997945398	7	0	4.000597700010985	1	0.5502883999142796	0	31
546.521484375	2.0	279819	encoding	56	544.521484375	56	3	1	0.4380824000108987	7	0	3.9005883000791073	1	0.5004084999673069	1	95
556.421875	2.0	284888	encoding	57	554.421875	57	3	1	0.5609845998696983	7	0	3.90057640010491	1	0.550388100091368	1	56
566.322265625	2.0	289957	encoding	58	564.322265625	58	3	1	0.6042992998845875	7	0	3.900402800180018	1	0.4171902001835406	1	69
576.22265625	2.0	295026	encoding	59	574.22265625	59	3	1	1.02804289967753	7	0	3.9007032001391053	1	0.6171526000835001	1	57
586.123046875	2.0	300095	encoding	60	584.123046875	60	3	1	0.534230399876833	7	0	4.00106929987669	1	0.4670202999841422	1	64
596.0234375	2.0	305164	encoding	61	594.0234375	61	2	1	0.5602360998746008	9	0	3.9010042001027614	n/a	n/a	0	32
605.923828125	2.0	310233	encoding	62	603.923828125	62	2	1	0.5092539999168366	9	0	4.000463400036097	n/a	n/a	0	30
615.82421875	2.0	315302	encoding	63	613.82421875	63	2	1	0.4603512999601662	9	0	4.0010054998565465	n/a	n/a	1	50
625.724609375	2.0	320371	encoding	64	623.724609375	64	2	1	0.3948220999445766	9	0	4.101426899898797	n/a	n/a	1	55
635.625	2.0	325440	encoding	65	633.625	65	2	1	0.46417740010656416	9	0	4.100703299976885	n/a	n/a	1	45
645.525390625	2.0	330509	encoding	66	643.525390625	66	2	1	0.4103530999273062	9	0	4.101077900035307	n/a	n/a	1	54
655.42578125	2.0	335578	encoding	67	653.42578125	67	2	1	0.5284612998366356	9	0	4.100309900008142	n/a	n/a	1	47
665.326171875	2.0	340647	encoding	68	663.326171875	68	2	1	0.8691927003674209	9	0	4.100984100019559	n/a	n/a	1	65
675.2265625	2.0	345716	encoding	69	673.2265625	69	2	1	0.4050071001984179	9	0	4.10062969988212	n/a	n/a	1	46
685.126953125	2.0	350785	encoding	70	683.126953125	70	2	1	0.42812819965183735	9	0	3.9015361999627203	n/a	n/a	1	47
695.02734375	2.0	355854	encoding	71	693.02734375	71	3	1	0.5384243000298738	11	0	4.1006563999690115	1	1.0003134000580758	0	15
704.927734375	2.0	360923	encoding	72	702.927734375	72	3	1	0.5615409000311047	11	0	4.000608499860391	1	0.48351319995708764	0	44
714.828125	2.0	365992	encoding	73	712.828125	73	3	1	0.4275095001794398	11	0	4.100474999984726	1	0.28389160009101033	0	45
724.728515625	2.0	371061	encoding	74	722.728515625	74	3	1	0.6112002998124808	11	0	4.001261699944735	1	0.433530299924314	1	51
734.62890625	2.0	376130	encoding	75	732.62890625	75	3	1	0.5587093001231551	11	0	4.100819299928844	1	0.36743189999833703	0	35
744.529296875	2.0	381199	encoding	76	742.529296875	76	3	1	0.9123290998395532	11	0	4.000816500047222	1	0.7504416999872774	1	58
754.4296875	2.0	386268	encoding	77	752.4296875	77	3	1	0.4771627997979522	11	0	3.9006403000093997	1	0.6001768000423908	1	67
764.330078125	2.0	391337	encoding	78	762.330078125	78	3	1	0.7442925998475403	11	0	3.901359200011939	1	0.3505208999849856	1	51
774.23046875	2.0	396406	encoding	79	772.23046875	79	3	1	0.387964999768883	11	0	4.000564600108191	1	0.2835456000175327	1	49
784.130859375	2.0	401475	encoding	80	782.130859375	80	3	1	0.478893400169909	11	0	4.002167799975723	1	0.30014030006714165	1	55
794.03125	2.0	406544	encoding	81	792.03125	81	2	1	0.4437192000914365	12	0	3.9007192000281066	n/a	n/a	1	68
803.931640625	2.0	411613	encoding	82	801.931640625	82	2	1	0.41844459995627403	12	0	4.1005293999332935	n/a	n/a	0	31
813.83203125	2.0	416682	encoding	83	811.83203125	83	2	1	0.39208899973891675	12	0	4.10063930018805	n/a	n/a	0	25
823.732421875	2.0	421751	encoding	84	821.732421875	84	2	1	0.4781718999147415	12	0	3.900570699945092	n/a	n/a	0	29
833.6328125	2.0	426820	encoding	85	831.6328125	85	2	1	0.6158397998660803	12	0	4.100782899884507	n/a	n/a	0	22
843.533203125	2.0	431889	encoding	86	841.533203125	86	2	1	1.0158842999953777	12	0	4.100877500139177	n/a	n/a	1	51
853.43359375	2.0	436958	encoding	87	851.43359375	87	2	1	0.3121907999739051	12	0	4.100697499932721	n/a	n/a	1	70
863.333984375	2.0	442027	encoding	88	861.333984375	88	2	1	0.5885918999556452	12	0	4.100817300146446	n/a	n/a	0	26
873.234375	2.0	447096	encoding	89	871.234375	89	2	1	0.7373536999803036	12	0	3.9008039999753237	n/a	n/a	0	37
883.134765625	2.0	452165	encoding	90	881.134765625	90	2	1	0.7117502000182867	12	0	4.000708699924871	n/a	n/a	1	62
893.03515625	2.0	457234	encoding	91	891.03515625	91	3	1	0.8107629001606256	13	0	3.901464299997315	1	0.41730850003659725	0	28
902.935546875	2.0	462303	encoding	92	900.935546875	92	3	1	0.5596837000921369	13	0	3.900945100001991	1	0.36735550011508167	1	43
912.8359375	2.0	467372	encoding	93	910.8359375	93	3	1	0.4936012998223305	13	0	3.9006076001096517	1	0.3336039998102933	1	49
922.736328125	2.0	472441	encoding	94	920.736328125	94	3	1	0.46638170001097023	13	0	4.10083970008418	1	0.5004790001548827	1	88
932.63671875	2.0	477510	encoding	95	930.63671875	95	3	1	0.9950237001758069	13	0	4.00013680011034	1	0.2670556998346001	1	63
942.537109375	2.0	482579	encoding	96	940.537109375	96	3	1	0.4124970999546349	13	0	4.000791400205344	1	0.317013300023973	1	48
952.4375	2.0	487648	encoding	97	950.4375	97	3	1	0.49766500014811754	13	0	4.101490000030026	1	0.21700459998100996	1	81
962.337890625	2.0	492717	encoding	98	960.337890625	98	3	1	0.5266189000103623	13	0	4.100430499995127	1	0.28377129998989403	1	57
972.23828125	2.0	497786	encoding	99	970.23828125	99	3	1	0.5098818999249488	13	0	3.90072049992159	1	0.33374630007892847	0	42
982.138671875	2.0	502855	encoding	100	980.138671875	100	3	1	0.5178265001159161	13	0	4.101052500074729	1	0.2836801998782903	1	87
992.0390625	2.0	507924	encoding	101	990.0390625	101	2	1	0.6276661001611501	14	0	4.000488599995151	n/a	n/a	0	25
1001.939453125	2.0	512993	encoding	102	999.939453125	102	2	1	0.46067399997264147	14	0	3.9010988001246005	n/a	n/a	0	28
1011.83984375	2.0	518062	encoding	103	1009.83984375	103	2	1	0.5339597000274807	14	0	4.001038599992171	n/a	n/a	1	46
1021.740234375	2.0	523131	encoding	104	1019.740234375	104	2	1	0.47924069967120886	14	0	4.000571900047362	n/a	n/a	1	69
1031.640625	2.0	528200	encoding	105	1029.640625	105	2	1	0.7450615998823196	14	0	4.100642200093716	n/a	n/a	1	79
1041.541015625	2.0	533269	encoding	106	1039.541015625	106	2	1	0.5162784000858665	14	0	3.9007298999931663	n/a	n/a	1	64
1051.44140625	2.0	538338	encoding	107	1049.44140625	107	2	1	0.9335364000871778	14	0	3.9008865000214428	n/a	n/a	0	14
1061.341796875	2.0	543407	encoding	108	1059.341796875	108	2	1	0.41627729986794293	14	0	3.9007592000998557	n/a	n/a	0	44
1071.2421875	2.0	548476	encoding	109	1069.2421875	109	2	1	0.37795160012319684	14	0	3.901482099900022	n/a	n/a	1	44
1081.142578125	2.0	553545	encoding	110	1079.142578125	110	2	1	0.443585499888286	14	0	4.100924799917266	n/a	n/a	1	62
1091.04296875	2.0	558614	encoding	111	1089.04296875	111	3	0	0.0	16	0	3.9005090000573546	0	0.5005846000276506	1	69
1100.943359375	2.0	563683	encoding	112	1098.943359375	112	3	1	0.5106959000695497	16	0	4.101977800019085	1	0.26696610008366406	1	38
1110.84375	2.0	568752	encoding	113	1108.84375	113	3	1	0.41205359995365143	16	0	4.000883499858901	1	0.4007361000403762	1	64
1120.744140625	2.0	573821	encoding	114	1118.744140625	114	3	1	0.41009409981779754	16	0	4.000640599988401	1	0.28367710020393133	1	69
1130.64453125	2.0	578890	encoding	115	1128.64453125	115	3	1	0.47605769988149405	16	0	4.101287900004536	1	0.23364470014348626	1	47
1140.544921875	2.0	583959	encoding	116	1138.544921875	116	3	1	0.4771105002146214	16	0	3.900677700061351	1	0.25031150016002357	1	66
1150.4453125	2.0	589028	encoding	117	1148.4453125	117	3	1	0.40901509998366237	16	0	4.100859300000593	1	0.2670525999274105	0	38
1160.345703125	2.0	594097	encoding	118	1158.345703125	118	3	1	0.44174490007571876	16	0	4.001288500148803	1	0.28371740016154945	1	54
1170.24609375	2.0	599166	encoding	119	1168.24609375	119	3	1	0.3874760000035167	16	0	4.100668500177562	1	0.3671968998387456	1	52
1180.146484375	2.0	604235	encoding	120	1178.146484375	120	3	1	0.4263508999720216	16	0	4.000767400022596	1	0.28373209992423654	1	79
1190.046875	2.0	609304	encoding	121	1188.046875	121	2	1	0.9772441000677645	18	0	4.10084389988333	n/a	n/a	1	46
1199.947265625	2.0	614373	encoding	122	1197.947265625	122	2	1	0.7097325001377612	18	0	4.100999099900946	n/a	n/a	1	64
1209.84765625	2.0	619442	encoding	123	1207.84765625	123	2	1	0.760378799866885	18	0	4.0007402000483125	n/a	n/a	0	41
1219.748046875	2.0	624511	encoding	124	1217.748046875	124	2	1	0.6954999000299722	18	0	4.100930699845776	n/a	n/a	0	28
1229.6484375	2.0	629580	encoding	125	1227.6484375	125	2	1	0.7458121001254767	18	0	4.103251700056717	n/a	n/a	1	60
1239.548828125	2.0	634649	encoding	126	1237.548828125	126	2	1	0.4830303001217544	18	0	4.100391699932516	n/a	n/a	0	25
1249.44921875	2.0	639718	encoding	127	1247.44921875	127	2	1	0.842467499896884	18	0	4.101280600065365	n/a	n/a	0	24
1259.349609375	2.0	644787	encoding	128	1257.349609375	128	2	1	0.7253125000279397	18	0	4.000717499991879	n/a	n/a	1	72
1269.25	2.0	649856	encoding	129	1267.25	129	2	1	0.37645530002191663	18	0	3.901033899979666	n/a	n/a	0	29
1279.150390625	2.0	654925	encoding	130	1277.150390625	130	2	1	0.6603306999895722	18	0	4.100984100019559	n/a	n/a	1	60
1289.05078125	2.0	659994	encoding	131	1287.05078125	131	3	1	0.8962301998399198	19	0	4.000948900124058	1	0.416918900096789	0	29
1298.951171875	2.0	665063	encoding	132	1296.951171875	132	3	1	0.4772874000482261	19	0	4.000805200077593	1	0.30014619999565184	1	67
1308.8515625	2.0	670132	encoding	133	1306.8515625	133	3	1	0.37699120002798736	19	0	4.000485799973831	1	0.2502806999254972	1	56
1318.751953125	2.0	675201	encoding	134	1316.751953125	134	3	1	0.41102819982916117	19	0	3.9004323000553995	1	0.36704959999769926	1	51
1328.65234375	2.0	680270	encoding	135	1326.65234375	135	3	1	0.5112399999052286	19	0	3.900595899904147	1	0.2505601001903415	0	35
1338.552734375	2.0	685339	encoding	136	1336.552734375	136	3	1	0.8628208998125046	19	0	4.001072000013664	1	0.46686549996957183	1	63
1348.453125	2.0	690408	encoding	137	1346.453125	137	3	1	0.7109747999347746	19	0	4.000464600045234	1	0.3336835000663996	0	36
1358.353515625	2.0	695477	encoding	138	1356.353515625	138	3	1	0.5277938002254814	19	0	4.000796499894932	1	0.36704879999160767	0	28
1368.25390625	2.0	700546	encoding	139	1366.25390625	139	3	1	0.426578699843958	19	0	3.900882799876854	1	0.483688100008294	1	60
1378.154296875	2.0	705615	encoding	140	1376.154296875	140	3	1	1.210906300228089	19	0	4.000492899911478	1	0.4171889000572264	0	23
1388.0546875	2.0	710684	encoding	141	1386.0546875	141	2	1	0.47713800030760467	20	0	4.100743199931458	n/a	n/a	0	53
1397.955078125	2.0	715753	encoding	142	1395.955078125	142	2	1	0.7048548997845501	20	0	4.000694700051099	n/a	n/a	1	50
1407.85546875	2.0	720822	encoding	143	1405.85546875	143	2	1	0.32722390023991466	20	0	4.0018238998018205	n/a	n/a	1	52
1417.755859375	2.0	725891	encoding	144	1415.755859375	144	2	1	0.6131719998084009	20	0	3.9008163001853973	n/a	n/a	0	27
1427.65625	2.0	730960	encoding	145	1425.65625	145	2	1	0.38248040014877915	20	0	4.100463699782267	n/a	n/a	1	92
1437.556640625	2.0	736029	encoding	146	1435.556640625	146	2	1	0.5265961003024131	20	0	4.001132299890742	n/a	n/a	1	54
1447.45703125	2.0	741098	encoding	147	1445.45703125	147	2	1	1.2284136000089347	20	0	3.9008844001218677	n/a	n/a	0	21
1457.357421875	2.0	746167	encoding	148	1455.357421875	148	2	1	0.4054968999698758	20	0	3.9008909999392927	n/a	n/a	1	56
1467.2578125	2.0	751236	encoding	149	1465.2578125	149	2	1	0.3479098998941481	20	0	4.000586400041357	n/a	n/a	1	73
1477.158203125	2.0	756305	encoding	150	1475.158203125	150	2	1	0.49411429977044463	20	0	4.000535600120202	n/a	n/a	0	40
1487.05859375	2.0	761374	encoding	151	1485.05859375	151	2	1	0.377840300090611	22	0	4.101196599891409	n/a	n/a	0	25
1496.958984375	2.0	766443	encoding	152	1494.958984375	152	2	1	0.3427293000277132	22	0	4.100950400112197	n/a	n/a	1	37
1506.859375	2.0	771512	encoding	153	1504.859375	153	2	1	0.6607967000454664	22	0	4.100638499949127	n/a	n/a	1	46
1516.759765625	2.0	776581	encoding	154	1514.759765625	154	2	1	0.37734140013344586	22	0	3.900376599980518	n/a	n/a	1	48
1526.66015625	2.0	781650	encoding	155	1524.66015625	155	2	1	0.36061470001004636	22	0	3.90263170003891	n/a	n/a	1	80
1536.560546875	2.0	786719	encoding	156	1534.560546875	156	2	1	0.5338037998881191	22	0	4.000822699861601	n/a	n/a	1	52
1546.4609375	2.0	791788	encoding	157	1544.4609375	157	2	1	0.6153410000260919	22	0	3.900540400063619	n/a	n/a	1	73
1556.361328125	2.0	796857	encoding	158	1554.361328125	158	2	1	0.6457277999725193	22	0	4.000619600061327	n/a	n/a	0	30
1566.26171875	2.0	801926	encoding	159	1564.26171875	159	2	1	0.433491799980402	22	0	4.101015700027347	n/a	n/a	1	81
1576.162109375	2.0	806995	encoding	160	1574.162109375	160	2	1	0.40994549985043705	22	0	3.900439199991524	n/a	n/a	1	41
1586.0625	2.0	812064	encoding	161	1584.0625	161	3	1	0.5784050999209285	24	0	4.00128660001792	1	0.5826057000085711	0	31
1595.962890625	2.0	817133	encoding	162	1593.962890625	162	3	1	0.4795567002147436	24	0	3.900742300087586	1	0.3158935001119971	1	46
1605.86328125	2.0	822202	encoding	163	1603.86328125	163	3	1	0.6639909001532942	24	0	4.001255299896002	1	0.36610250012017787	1	63
1615.763671875	2.0	827271	encoding	164	1613.763671875	164	3	1	0.5977725998964161	24	0	4.0000457998830825	1	0.48260570014826953	1	69
1625.6640625	2.0	832340	encoding	165	1623.6640625	165	3	1	0.4392142998985946	24	0	3.900530300103128	1	0.2828395999968052	1	71
1635.564453125	2.0	837409	encoding	166	1633.564453125	166	3	1	0.7134345998056233	24	0	3.9006302000489086	1	0.2828559000045061	1	64
1645.46484375	2.0	842478	encoding	167	1643.46484375	167	3	1	0.4234032998792827	24	0	4.000940200174227	1	0.23284219997003675	0	30
1655.365234375	2.0	847547	encoding	168	1653.365234375	168	3	1	0.428830600110814	24	0	3.900748400017619	1	0.2331963002216071	1	80
1665.265625	2.0	852616	encoding	169	1663.265625	169	3	1	0.5947324002627283	24	0	4.00058210012503	1	0.26596420002169907	1	45
1675.166015625	2.0	857685	encoding	170	1673.166015625	170	3	1	0.39631360000930727	24	0	3.9010041998699307	1	0.24076729989610612	0	34
