name	x	y	z	size	type	manufacturer
C1-C2	27.634999999999998	-42.459999999999994	-11.46	n/a	depth	DIXI Medical
C2-C3	30.56	-41.53	-9.935	n/a	depth	DIXI Medical
C3-C4	33.695	-40.765	-8.315000000000001	n/a	depth	DIXI Medical
C4-C8	41.785	-39.565	-5.07	n/a	depth	DIXI Medical
C8-C9	50.19	-38.269999999999996	-2.28	n/a	depth	DIXI Medical
C9-C10	54.32	-37.405	-1.9899999999999998	n/a	depth	DIXI Medical
C10-C11	58.6	-36.595	-2.445	n/a	depth	DIXI Medical
C11-C12	62.61	-35.55	-2.875	n/a	depth	DIXI Medical
C12-C13	66.03999999999999	-34.09	-2.3600000000000003	n/a	depth	DIXI Medical
C13-C14	69.125	-32.215	-0.605	n/a	depth	DIXI Medical
D1-D2	42.9	-31.830000000000002	12.370000000000001	n/a	depth	DIXI Medical
D2-D3	47.08	-32.755	12.82	n/a	depth	DIXI Medical
D3-D4	51.364999999999995	-33.49	13.28	n/a	depth	DIXI Medical
D4-D5	55.905	-33.650000000000006	13.559999999999999	n/a	depth	DIXI Medical
D5-D6	60.255	-33.25	13.515	n/a	depth	DIXI Medical
D6-D7	63.980000000000004	-33.16	13.629999999999999	n/a	depth	DIXI Medical
D7-D8	67.11500000000001	-33.345	14.555	n/a	depth	DIXI Medical
E1-E2	23.630000000000003	-58.805	12.825	n/a	depth	DIXI Medical
E2-E6	32.98	-57.075	16.515	n/a	depth	DIXI Medical
E6-E7	42.165	-54.33	20.509999999999998	n/a	depth	DIXI Medical
E7-E8	45.72	-52.92	21.25	n/a	depth	DIXI Medical
E8-E9	49.370000000000005	-51.83	22.075000000000003	n/a	depth	DIXI Medical
E9-E10	52.989999999999995	-50.91	23.42	n/a	depth	DIXI Medical
E10-E11	56.53	-50.17	24.85	n/a	depth	DIXI Medical
E11-E12	60.095	-49.665	25.75	n/a	depth	DIXI Medical
E12-E13	63.910000000000004	-49.495000000000005	25.83	n/a	depth	DIXI Medical
G1-G2	10.605	-63.46	39.36	n/a	depth	DIXI Medical
G2-G3	14.305	-63.489999999999995	38.614999999999995	n/a	depth	DIXI Medical
G3-G4	17.990000000000002	-63.785	38.09	n/a	depth	DIXI Medical
G4-G5	21.735	-64.525	37.980000000000004	n/a	depth	DIXI Medical
G5-G6	25.68	-65.1	38.08	n/a	depth	DIXI Medical
G6-G7	29.23	-65.13499999999999	37.435	n/a	depth	DIXI Medical
G7-G8	31.87	-64.94	35.66	n/a	depth	DIXI Medical
G8-G9	34.255	-64.125	33.55	n/a	depth	DIXI Medical
G9-G10	37.22	-61.96	32.24	n/a	depth	DIXI Medical
G10-G11	41.25	-59.19	31.69	n/a	depth	DIXI Medical
G11-G12	45.96	-57.1	30.57	n/a	depth	DIXI Medical
G12-G13	50.21	-55.825	28.735	n/a	depth	DIXI Medical
G13-G14	53.95	-54.95	27.075	n/a	depth	DIXI Medical
G14-G15	57.629999999999995	-54.6	25.564999999999998	n/a	depth	DIXI Medical
G15-G16	60.965	-54.83	23.549999999999997	n/a	depth	DIXI Medical
H1-H2	7.709999999999999	-39.34	45.905	n/a	depth	DIXI Medical
H2-H3	10.454999999999998	-40.81999999999999	46.760000000000005	n/a	depth	DIXI Medical
H3-H4	13.235	-42.44	47.355000000000004	n/a	depth	DIXI Medical
H4-H5	16.439999999999998	-44.114999999999995	47.55	n/a	depth	DIXI Medical
H5-H8	23.58	-47.185	46.235	n/a	depth	DIXI Medical
H8-H9	30.28	-51.14	44.83	n/a	depth	DIXI Medical
H9-H10	33.225	-53.825	44.989999999999995	n/a	depth	DIXI Medical
H10-H11	36.78	-55.095	45.37	n/a	depth	DIXI Medical
H11-H12	41.03	-55.68	44.95	n/a	depth	DIXI Medical
H12-H13	45.595	-56.44	43.49	n/a	depth	DIXI Medical
H13-H14	50.08	-57.175	41.760000000000005	n/a	depth	DIXI Medical
H14-H15	54.385000000000005	-57.34	40.335	n/a	depth	DIXI Medical
I1-I2	14.805	-72.08500000000001	26.525	n/a	depth	DIXI Medical
I2-I3	17.81	-74.305	27.075	n/a	depth	DIXI Medical
I3-I4	21.595	-76.185	28.22	n/a	depth	DIXI Medical
I4-I5	25.994999999999997	-77.83000000000001	28.935	n/a	depth	DIXI Medical
I5-I6	30.415	-78.935	29.055	n/a	depth	DIXI Medical
I6-I7	34.465	-79.71000000000001	28.435000000000002	n/a	depth	DIXI Medical
I7-I8	38.355000000000004	-80.625	27.415	n/a	depth	DIXI Medical
I8-I9	42.0	-81.745	26.645000000000003	n/a	depth	DIXI Medical
J1-J2	8.57	-41.25	24.235	n/a	depth	DIXI Medical
J2-J10	23.14	-43.11	29.52	n/a	depth	DIXI Medical
J10-J11	37.62	-44.879999999999995	35.275	n/a	depth	DIXI Medical
J11-J12	41.135	-44.504999999999995	37.175	n/a	depth	DIXI Medical
J12-J13	45.025	-43.47	38.28	n/a	depth	DIXI Medical
J13-J14	49.435	-42.15	38.525	n/a	depth	DIXI Medical
J14-J15	54.135	-40.644999999999996	39.41	n/a	depth	DIXI Medical
J15-J16	58.805	-39.894999999999996	40.44	n/a	depth	DIXI Medical
J16-J17	63.045	-40.01	40.555	n/a	depth	DIXI Medical
O1-O2	9.31	-39.14	30.130000000000003	n/a	depth	DIXI Medical
O2-O3	12.595	-39.845	31.77	n/a	depth	DIXI Medical
O3-O4	15.665000000000001	-40.480000000000004	33.575	n/a	depth	DIXI Medical
O4-O8	23.32	-42.120000000000005	36.705	n/a	depth	DIXI Medical
O8-O9	30.83	-44.555	39.215	n/a	depth	DIXI Medical
O9-O10	34.11	-46.685	40.129999999999995	n/a	depth	DIXI Medical
O10-O11	38.315	-48.19	41.425	n/a	depth	DIXI Medical
O11-O12	43.019999999999996	-48.370000000000005	42.525	n/a	depth	DIXI Medical
O12-O13	47.85	-47.879999999999995	43.36	n/a	depth	DIXI Medical
O13-O14	52.315	-47.599999999999994	44.105000000000004	n/a	depth	DIXI Medical
O14-O15	56.165	-47.765	44.83	n/a	depth	DIXI Medical
O15-O16	59.8	-48.275	45.254999999999995	n/a	depth	DIXI Medical
W1-W2	7.33	-51.974999999999994	40.114999999999995	n/a	depth	DIXI Medical
W2-W3	11.370000000000001	-53.53	41.465	n/a	depth	DIXI Medical
W3-W4	16.09	-55.685	42.595	n/a	depth	DIXI Medical
W4-W5	20.755000000000003	-58.17	43.855	n/a	depth	DIXI Medical
W5-W6	24.490000000000002	-60.730000000000004	44.795	n/a	depth	DIXI Medical
W6-W7	27.875	-62.785	45.175	n/a	depth	DIXI Medical
W7-W8	31.43	-64.33	45.495000000000005	n/a	depth	DIXI Medical
W8-W9	34.585	-65.56	45.345	n/a	depth	DIXI Medical
W9-W10	37.275	-66.11	44.715	n/a	depth	DIXI Medical
W10-W11	40.15	-65.685	44.81	n/a	depth	DIXI Medical
W11-W12	43.565	-65.005	45.18	n/a	depth	DIXI Medical
W12-W13	47.315	-65.53	44.415	n/a	depth	DIXI Medical
X1-X2	8.775	-54.46	45.155	n/a	depth	DIXI Medical
X2-X3	13.765	-55.225	46.815	n/a	depth	DIXI Medical
X3-X4	18.52	-55.58	48.605000000000004	n/a	depth	DIXI Medical
X4-X5	22.21	-54.705	50.21	n/a	depth	DIXI Medical
X5-X6	25.15	-53.455	50.96	n/a	depth	DIXI Medical
X6-X7	27.884999999999998	-52.245	51.010000000000005	n/a	depth	DIXI Medical
X7-X8	30.67	-50.945	50.894999999999996	n/a	depth	DIXI Medical
X8-X9	34.055	-49.965	50.935	n/a	depth	DIXI Medical
X9-X10	37.79	-48.935	51.575	n/a	depth	DIXI Medical
X10-X11	41.2	-47.735	52.915	n/a	depth	DIXI Medical
X11-X12	44.55	-47.045	54.41	n/a	depth	DIXI Medical
X12-X13	48.425	-46.84	55.535	n/a	depth	DIXI Medical
X13-X14	52.6	-46.57	55.92	n/a	depth	DIXI Medical
PC1-PC2	12.899999999999999	-62.455	53.43	n/a	depth	DIXI Medical
PC2-PC3	15.56	-62.765	55.07	n/a	depth	DIXI Medical
PC3-PC4	17.85	-62.155	56.86	n/a	depth	DIXI Medical
PC4-PC5	20.310000000000002	-60.81	58.95	n/a	depth	DIXI Medical
PC5-PC6	22.855	-59.18	61.41	n/a	depth	DIXI Medical
PC6-PC7	25.715	-57.715	63.72	n/a	depth	DIXI Medical
PC7-PC8	29.17	-56.59	65.15	n/a	depth	DIXI Medical
PC8-PC9	33.14	-55.735	65.44	n/a	depth	DIXI Medical
